,TV,newspaper,radio,sales
1,230.1,69.2,37.8,22.1
2,44.5,45.1,39.3,10.4
3,17.2,69.3,45.9,9.3
4,151.5,58.5,41.3,18.5
5,180.8,58.4,10.8,12.9
6,8.7,75.0,48.9,7.2
7,57.5,23.5,32.8,11.8
8,120.2,11.6,19.6,13.2
9,8.6,1.0,2.1,4.8
10,199.8,21.2,2.6,10.6
11,66.1,24.2,5.8,8.6
12,214.7,4.0,24.0,17.4
13,23.8,65.9,35.1,9.2
14,97.5,7.2,7.6,9.7
15,204.1,46.0,32.9,19.0
16,195.4,52.9,47.7,22.4
17,67.8,114.0,36.6,12.5
18,281.4,55.8,39.6,24.4
19,69.2,18.3,20.5,11.3
20,147.3,19.1,23.9,14.6
21,218.4,53.4,27.7,18.0
22,237.4,23.5,5.1,12.5
23,13.2,49.6,15.9,5.6
24,228.3,26.2,16.9,15.5
25,62.3,18.3,12.6,9.7
26,262.9,19.5,3.5,12.0
27,142.9,12.6,29.3,15.0
28,240.1,22.9,16.7,15.9
29,248.8,22.9,27.1,18.9
30,70.6,40.8,16.0,10.5
31,292.9,43.2,28.3,21.4
32,112.9,38.6,17.4,11.9
33,97.2,30.0,1.5,9.6
34,265.6,0.3,20.0,17.4
35,95.7,7.4,1.4,9.5
36,290.7,8.5,4.1,12.8
37,266.9,5.0,43.8,25.4
38,74.7,45.7,49.4,14.7
39,43.1,35.1,26.7,10.1
40,228.0,32.0,37.7,21.5
41,202.5,31.6,22.3,16.6
42,177.0,38.7,33.4,17.1
43,293.6,1.8,27.7,20.7
44,206.9,26.4,8.4,12.9
45,25.1,43.3,25.7,8.5
46,175.1,31.5,22.5,14.9
47,89.7,35.7,9.9,10.6
48,239.9,18.5,41.5,23.2
49,227.2,49.9,15.8,14.8
50,66.9,36.8,11.7,9.7
51,199.8,34.6,3.1,11.4
52,100.4,3.6,9.6,10.7
53,216.4,39.6,41.7,22.6
54,182.6,58.7,46.2,21.2
55,262.7,15.9,28.8,20.2
56,198.9,60.0,49.4,23.7
57,7.3,41.4,28.1,5.5
58,136.2,16.6,19.2,13.2
59,210.8,37.7,49.6,23.8
60,210.7,9.3,29.5,18.4
61,53.5,21.4,2.0,8.1
62,261.3,54.7,42.7,24.2
63,239.3,27.3,15.5,15.7
64,102.7,8.4,29.6,14.0
65,131.1,28.9,42.8,18.0
66,69.0,0.9,9.3,9.3
67,31.5,2.2,24.6,9.5
68,139.3,10.2,14.5,13.4
69,237.4,11.0,27.5,18.9
70,216.8,27.2,43.9,22.3
71,199.1,38.7,30.6,18.3
72,109.8,31.7,14.3,12.4
73,26.8,19.3,33.0,8.8
74,129.4,31.3,5.7,11.0
75,213.4,13.1,24.6,17.0
76,16.9,89.4,43.7,8.7
77,27.5,20.7,1.6,6.9
78,120.5,14.2,28.5,14.2
79,5.4,9.4,29.9,5.3
80,116.0,23.1,7.7,11.0
81,76.4,22.3,26.7,11.8
82,239.8,36.9,4.1,12.3
83,75.3,32.5,20.3,11.3
84,68.4,35.6,44.5,13.6
85,213.5,33.8,43.0,21.7
86,193.2,65.7,18.4,15.2
87,76.3,16.0,27.5,12.0
88,110.7,63.2,40.6,16.0
89,88.3,73.4,25.5,12.9
90,109.8,51.4,47.8,16.7
91,134.3,9.3,4.9,11.2
92,28.6,33.0,1.5,7.3
93,217.7,59.0,33.5,19.4
94,250.9,72.3,36.5,22.2
95,107.4,10.9,14.0,11.5
96,163.3,52.9,31.6,16.9
97,197.6,5.9,3.5,11.7
98,184.9,22.0,21.0,15.5
99,289.7,51.2,42.3,25.4
100,135.2,45.9,41.7,17.2
101,222.4,49.8,4.3,11.7
102,296.4,100.9,36.3,23.8
103,280.2,21.4,10.1,14.8
104,187.9,17.9,17.2,14.7
105,238.2,5.3,34.3,20.7
106,137.9,59.0,46.4,19.2
107,25.0,29.7,11.0,7.2
108,90.4,23.2,0.3,8.7
109,13.1,25.6,0.4,5.3
110,255.4,5.5,26.9,19.8
111,225.8,56.5,8.2,13.4
112,241.7,23.2,38.0,21.8
113,175.7,2.4,15.4,14.1
114,209.6,10.7,20.6,15.9
115,78.2,34.5,46.8,14.6
116,75.1,52.7,35.0,12.6
117,139.2,25.6,14.3,12.2
118,76.4,14.8,0.8,9.4
119,125.7,79.2,36.9,15.9
120,19.4,22.3,16.0,6.6
121,141.3,46.2,26.8,15.5
122,18.8,50.4,21.7,7.0
123,224.0,15.6,2.4,11.6
124,123.1,12.4,34.6,15.2
125,229.5,74.2,32.3,19.7
126,87.2,25.9,11.8,10.6
127,7.8,50.6,38.9,6.6
128,80.2,9.2,0.0,8.8
129,220.3,3.2,49.0,24.7
130,59.6,43.1,12.0,9.7
131,0.7,8.7,39.6,1.6
132,265.2,43.0,2.9,12.7
133,8.4,2.1,27.2,5.7
134,219.8,45.1,33.5,19.6
135,36.9,65.6,38.6,10.8
136,48.3,8.5,47.0,11.6
137,25.6,9.3,39.0,9.5
138,273.7,59.7,28.9,20.8
139,43.0,20.5,25.9,9.6
140,184.9,1.7,43.9,20.7
141,73.4,12.9,17.0,10.9
142,193.7,75.6,35.4,19.2
143,220.5,37.9,33.2,20.1
144,104.6,34.4,5.7,10.4
145,96.2,38.9,14.8,11.4
146,140.3,9.0,1.9,10.3
147,240.1,8.7,7.3,13.2
148,243.2,44.3,49.0,25.4
149,38.0,11.9,40.3,10.9
150,44.7,20.6,25.8,10.1
151,280.7,37.0,13.9,16.1
152,121.0,48.7,8.4,11.6
153,197.6,14.2,23.3,16.6
154,171.3,37.7,39.7,19.0
155,187.8,9.5,21.1,15.6
156,4.1,5.7,11.6,3.2
157,93.9,50.5,43.5,15.3
158,149.8,24.3,1.3,10.1
159,11.7,45.2,36.9,7.3
160,131.7,34.6,18.4,12.9
161,172.5,30.7,18.1,14.4
162,85.7,49.3,35.8,13.3
163,188.4,25.6,18.1,14.9
164,163.5,7.4,36.8,18.0
165,117.2,5.4,14.7,11.9
166,234.5,84.8,3.4,11.9
167,17.9,21.6,37.6,8.0
168,206.8,19.4,5.2,12.2
169,215.4,57.6,23.6,17.1
170,284.3,6.4,10.6,15.0
171,50.0,18.4,11.6,8.4
172,164.5,47.4,20.9,14.5
173,19.6,17.0,20.1,7.6
174,168.4,12.8,7.1,11.7
175,222.4,13.1,3.4,11.5
176,276.9,41.8,48.9,27.0
177,248.4,20.3,30.2,20.2
178,170.2,35.2,7.8,11.7
179,276.7,23.7,2.3,11.8
180,165.6,17.6,10.0,12.6
181,156.6,8.3,2.6,10.5
182,218.5,27.4,5.4,12.2
183,56.2,29.7,5.7,8.7
184,287.6,71.8,43.0,26.2
185,253.8,30.0,21.3,17.6
186,205.0,19.6,45.1,22.6
187,139.5,26.6,2.1,10.3
188,191.1,18.2,28.7,17.3
189,286.0,3.7,13.9,15.9
190,18.7,23.4,12.1,6.7
191,39.5,5.8,41.1,10.8
192,75.5,6.0,10.8,9.9
193,17.2,31.6,4.1,5.9
194,166.8,3.6,42.0,19.6
195,149.7,6.0,35.6,17.3
196,38.2,13.8,3.7,7.6
197,94.2,8.1,4.9,9.7
198,177.0,6.4,9.3,12.8
199,283.6,66.2,42.0,25.5
200,232.1,8.7,8.6,13.4
1,46.02,13.840000000000002,7.56,4.420000000000001
2,8.9,9.020000000000001,7.859999999999999,2.08
3,3.44,13.86,9.18,1.8600000000000003
4,30.3,11.700000000000001,8.26,3.7
5,36.160000000000004,11.68,2.16,2.58
6,1.74,15.0,9.780000000000001,1.4400000000000002
7,11.5,4.7,6.56,2.3600000000000003
8,24.040000000000003,2.32,3.9200000000000004,2.64
9,1.72,0.2,0.42000000000000004,0.96
10,39.96000000000001,4.24,0.52,2.12
11,13.219999999999999,4.84,1.16,1.72
12,42.94,0.8,4.800000000000001,3.48
13,4.760000000000001,13.180000000000001,7.0200000000000005,1.8399999999999999
14,19.5,1.4400000000000002,1.52,1.94
15,40.82,9.200000000000001,6.58,3.8000000000000003
16,39.080000000000005,10.58,9.540000000000001,4.4799999999999995
17,13.56,22.8,7.32,2.5
18,56.28,11.16,7.920000000000001,4.88
19,13.840000000000002,3.66,4.1000000000000005,2.2600000000000002
20,29.460000000000004,3.8200000000000003,4.78,2.92
21,43.68000000000001,10.68,5.54,3.6
22,47.480000000000004,4.7,1.02,2.5
23,2.64,9.920000000000002,3.18,1.1199999999999999
24,45.660000000000004,5.24,3.38,3.1
25,12.46,3.66,2.52,1.94
26,52.58,3.9000000000000004,0.7000000000000001,2.4000000000000004
27,28.580000000000002,2.52,5.86,3.0
28,48.02,4.58,3.34,3.18
29,49.760000000000005,4.58,5.420000000000001,3.78
30,14.12,8.16,3.2,2.1
31,58.58,8.64,5.66,4.28
32,22.580000000000002,7.720000000000001,3.48,2.3800000000000003
33,19.44,6.0,0.30000000000000004,1.92
34,53.120000000000005,0.06,4.0,3.48
35,19.14,1.4800000000000002,0.27999999999999997,1.9000000000000001
36,58.14,1.7000000000000002,0.82,2.5600000000000005
37,53.379999999999995,1.0,8.76,5.08
38,14.940000000000001,9.14,9.88,2.94
39,8.620000000000001,7.0200000000000005,5.34,2.02
40,45.6,6.4,7.540000000000001,4.3
41,40.5,6.32,4.46,3.3200000000000003
42,35.4,7.740000000000001,6.68,3.4200000000000004
43,58.720000000000006,0.36000000000000004,5.54,4.14
44,41.38,5.28,1.6800000000000002,2.58
45,5.0200000000000005,8.66,5.140000000000001,1.7000000000000002
46,35.02,6.300000000000001,4.5,2.9800000000000004
47,17.94,7.140000000000001,1.9800000000000002,2.12
48,47.980000000000004,3.7,8.3,4.64
49,45.44,9.98,3.16,2.9600000000000004
50,13.380000000000003,7.359999999999999,2.34,1.94
51,39.96000000000001,6.920000000000001,0.6200000000000001,2.2800000000000002
52,20.080000000000002,0.7200000000000001,1.92,2.14
53,43.28,7.920000000000001,8.340000000000002,4.5200000000000005
54,36.52,11.740000000000002,9.24,4.24
55,52.54,3.18,5.760000000000001,4.04
56,39.78,12.0,9.88,4.74
57,1.46,8.28,5.620000000000001,1.1
58,27.24,3.3200000000000003,3.84,2.64
59,42.160000000000004,7.540000000000001,9.920000000000002,4.760000000000001
60,42.14,1.8600000000000003,5.9,3.6799999999999997
61,10.700000000000001,4.28,0.4,1.62
62,52.260000000000005,10.940000000000001,8.540000000000001,4.84
63,47.86000000000001,5.460000000000001,3.1,3.14
64,20.540000000000003,1.6800000000000002,5.920000000000001,2.8000000000000003
65,26.22,5.78,8.56,3.6
66,13.8,0.18000000000000002,1.8600000000000003,1.8600000000000003
67,6.300000000000001,0.44000000000000006,4.920000000000001,1.9000000000000001
68,27.860000000000003,2.04,2.9000000000000004,2.68
69,47.480000000000004,2.2,5.5,3.78
70,43.36000000000001,5.44,8.78,4.46
71,39.82,7.740000000000001,6.120000000000001,3.66
72,21.96,6.34,2.8600000000000003,2.4800000000000004
73,5.36,3.8600000000000003,6.6000000000000005,1.7600000000000002
74,25.880000000000003,6.260000000000001,1.1400000000000001,2.2
75,42.68000000000001,2.62,4.920000000000001,3.4000000000000004
76,3.38,17.880000000000003,8.74,1.74
77,5.5,4.14,0.32000000000000006,1.3800000000000001
78,24.1,2.84,5.7,2.84
79,1.08,1.8800000000000001,5.98,1.06
80,23.200000000000003,4.62,1.54,2.2
81,15.280000000000001,4.46,5.34,2.3600000000000003
82,47.96000000000001,7.38,0.82,2.4600000000000004
83,15.06,6.5,4.0600000000000005,2.2600000000000002
84,13.680000000000001,7.120000000000001,8.9,2.72
85,42.7,6.76,8.6,4.34
86,38.64,13.14,3.6799999999999997,3.04
87,15.26,3.2,5.5,2.4000000000000004
88,22.14,12.64,8.120000000000001,3.2
89,17.66,14.680000000000001,5.1000000000000005,2.58
90,21.96,10.280000000000001,9.56,3.34
91,26.860000000000003,1.8600000000000003,0.9800000000000001,2.2399999999999998
92,5.720000000000001,6.6000000000000005,0.30000000000000004,1.46
93,43.54,11.8,6.7,3.88
94,50.18000000000001,14.46,7.300000000000001,4.44
95,21.480000000000004,2.18,2.8000000000000003,2.3000000000000003
96,32.660000000000004,10.58,6.32,3.38
97,39.52,1.1800000000000002,0.7000000000000001,2.34
98,36.980000000000004,4.4,4.2,3.1
99,57.94,10.240000000000002,8.459999999999999,5.08
100,27.04,9.18,8.340000000000002,3.44
101,44.480000000000004,9.96,0.86,2.34
102,59.28,20.180000000000003,7.26,4.760000000000001
103,56.04,4.28,2.02,2.9600000000000004
104,37.580000000000005,3.58,3.44,2.94
105,47.64,1.06,6.859999999999999,4.14
106,27.580000000000002,11.8,9.28,3.84
107,5.0,5.94,2.2,1.4400000000000002
108,18.080000000000002,4.64,0.06,1.74
109,2.62,5.120000000000001,0.08000000000000002,1.06
110,51.080000000000005,1.1,5.38,3.9600000000000004
111,45.160000000000004,11.3,1.64,2.68
112,48.34,4.64,7.6000000000000005,4.36
113,35.14,0.48,3.08,2.8200000000000003
114,41.92,2.14,4.12,3.18
115,15.64,6.9,9.36,2.92
116,15.02,10.540000000000001,7.0,2.52
117,27.84,5.120000000000001,2.8600000000000003,2.44
118,15.280000000000001,2.9600000000000004,0.16000000000000003,1.8800000000000001
119,25.14,15.840000000000002,7.38,3.18
120,3.88,4.46,3.2,1.32
121,28.260000000000005,9.24,5.36,3.1
122,3.7600000000000002,10.08,4.34,1.4000000000000001
123,44.800000000000004,3.12,0.48,2.32
124,24.62,2.4800000000000004,6.920000000000001,3.04
125,45.900000000000006,14.840000000000002,6.46,3.94
126,17.44,5.18,2.3600000000000003,2.12
127,1.56,10.120000000000001,7.78,1.32
128,16.040000000000003,1.8399999999999999,0.0,1.7600000000000002
129,44.06,0.6400000000000001,9.8,4.94
130,11.920000000000002,8.620000000000001,2.4000000000000004,1.94
131,0.13999999999999999,1.74,7.920000000000001,0.32000000000000006
132,53.04,8.6,0.58,2.54
133,1.6800000000000002,0.42000000000000004,5.44,1.1400000000000001
134,43.96000000000001,9.020000000000001,6.7,3.9200000000000004
135,7.38,13.12,7.720000000000001,2.16
136,9.66,1.7000000000000002,9.4,2.32
137,5.120000000000001,1.8600000000000003,7.800000000000001,1.9000000000000001
138,54.74,11.940000000000001,5.78,4.16
139,8.6,4.1000000000000005,5.18,1.92
140,36.980000000000004,0.34,8.78,4.14
141,14.680000000000001,2.58,3.4000000000000004,2.18
142,38.74,15.12,7.08,3.84
143,44.1,7.58,6.640000000000001,4.0200000000000005
144,20.92,6.88,1.1400000000000001,2.08
145,19.240000000000002,7.78,2.9600000000000004,2.2800000000000002
146,28.060000000000002,1.8,0.38,2.06
147,48.02,1.74,1.46,2.64
148,48.64,8.86,9.8,5.08
149,7.6000000000000005,2.3800000000000003,8.06,2.18
150,8.940000000000001,4.12,5.16,2.02
151,56.14,7.4,2.7800000000000002,3.2200000000000006
152,24.200000000000003,9.740000000000002,1.6800000000000002,2.32
153,39.52,2.84,4.66,3.3200000000000003
154,34.260000000000005,7.540000000000001,7.940000000000001,3.8000000000000003
155,37.56,1.9000000000000001,4.220000000000001,3.12
156,0.82,1.1400000000000001,2.32,0.6400000000000001
157,18.78,10.100000000000001,8.700000000000001,3.0600000000000005
158,29.960000000000004,4.86,0.26,2.02
159,2.34,9.040000000000001,7.38,1.46
160,26.34,6.920000000000001,3.6799999999999997,2.58
161,34.5,6.140000000000001,3.6200000000000006,2.8800000000000003
162,17.14,9.86,7.16,2.66
163,37.68,5.120000000000001,3.6200000000000006,2.9800000000000004
164,32.7,1.4800000000000002,7.359999999999999,3.6
165,23.44,1.08,2.94,2.3800000000000003
166,46.900000000000006,16.96,0.68,2.3800000000000003
167,3.58,4.32,7.5200000000000005,1.6
168,41.36000000000001,3.88,1.04,2.44
169,43.080000000000005,11.520000000000001,4.720000000000001,3.4200000000000004
170,56.86000000000001,1.2800000000000002,2.12,3.0
171,10.0,3.6799999999999997,2.32,1.6800000000000002
172,32.9,9.48,4.18,2.9000000000000004
173,3.9200000000000004,3.4000000000000004,4.0200000000000005,1.52
174,33.68,2.5600000000000005,1.42,2.34
175,44.480000000000004,2.62,0.68,2.3000000000000003
176,55.379999999999995,8.36,9.780000000000001,5.4
177,49.68000000000001,4.0600000000000005,6.04,4.04
178,34.04,7.040000000000001,1.56,2.34
179,55.34,4.74,0.45999999999999996,2.3600000000000003
180,33.12,3.5200000000000005,2.0,2.52
181,31.32,1.6600000000000001,0.52,2.1
182,43.7,5.48,1.08,2.44
183,11.240000000000002,5.94,1.1400000000000001,1.74
184,57.52000000000001,14.36,8.6,5.24
185,50.760000000000005,6.0,4.260000000000001,3.5200000000000005
186,41.0,3.9200000000000004,9.020000000000001,4.5200000000000005
187,27.900000000000002,5.32,0.42000000000000004,2.06
188,38.22,3.64,5.74,3.4600000000000004
189,57.2,0.7400000000000001,2.7800000000000002,3.18
190,3.74,4.68,2.42,1.34
191,7.9,1.16,8.22,2.16
192,15.100000000000001,1.2000000000000002,2.16,1.9800000000000002
193,3.44,6.32,0.82,1.1800000000000002
194,33.36000000000001,0.7200000000000001,8.4,3.9200000000000004
195,29.939999999999998,1.2000000000000002,7.120000000000001,3.4600000000000004
196,7.640000000000001,2.7600000000000002,0.7400000000000001,1.52
197,18.84,1.62,0.9800000000000001,1.94
198,35.4,1.2800000000000002,1.8600000000000003,2.5600000000000005
199,56.720000000000006,13.240000000000002,8.4,5.1000000000000005
200,46.42,1.74,1.72,2.68
1,69.03,20.76,11.339999999999998,6.63
2,13.35,13.53,11.79,3.12
3,5.159999999999999,20.79,13.77,2.79
4,45.449999999999996,17.55,12.389999999999999,5.55
5,54.24,17.52,3.24,3.87
6,2.61,22.5,14.669999999999998,2.16
7,17.25,7.05,9.839999999999998,3.54
8,36.06,3.48,5.88,3.9599999999999995
9,2.5799999999999996,0.3,0.63,1.44
10,59.94,6.359999999999999,0.78,3.1799999999999997
11,19.83,7.26,1.74,2.5799999999999996
12,64.41,1.2,7.199999999999999,5.22
13,7.14,19.77,10.53,2.76
14,29.25,2.16,2.28,2.9099999999999997
15,61.23,13.799999999999999,9.87,5.7
16,58.62,15.87,14.31,6.72
17,20.34,34.199999999999996,10.98,3.75
18,84.41999999999999,16.74,11.88,7.319999999999999
19,20.76,5.49,6.1499999999999995,3.39
20,44.190000000000005,5.73,7.169999999999999,4.38
21,65.52,16.02,8.309999999999999,5.3999999999999995
22,71.22,7.05,1.5299999999999998,3.75
23,3.9599999999999995,14.879999999999999,4.77,1.68
24,68.49,7.859999999999999,5.069999999999999,4.6499999999999995
25,18.689999999999998,5.49,3.78,2.9099999999999997
26,78.86999999999999,5.85,1.05,3.5999999999999996
27,42.87,3.78,8.79,4.5
28,72.03,6.869999999999999,5.01,4.77
29,74.64,6.869999999999999,8.13,5.669999999999999
30,21.179999999999996,12.239999999999998,4.8,3.15
31,87.86999999999999,12.96,8.49,6.419999999999999
32,33.87,11.58,5.22,3.57
33,29.16,9.0,0.44999999999999996,2.88
34,79.68,0.09,6.0,5.22
35,28.71,2.22,0.42,2.85
36,87.21,2.55,1.2299999999999998,3.84
37,80.07,1.5,13.139999999999999,7.619999999999999
38,22.41,13.71,14.819999999999999,4.409999999999999
39,12.93,10.53,8.01,3.03
40,68.39999999999999,9.6,11.31,6.45
41,60.75,9.48,6.69,4.98
42,53.1,11.610000000000001,10.02,5.13
43,88.08,0.54,8.309999999999999,6.21
44,62.07,7.919999999999999,2.52,3.87
45,7.53,12.989999999999998,7.709999999999999,2.55
46,52.529999999999994,9.45,6.75,4.47
47,26.91,10.71,2.97,3.1799999999999997
48,71.97,5.55,12.45,6.96
49,68.16,14.969999999999999,4.74,4.44
50,20.07,11.04,3.51,2.9099999999999997
51,59.94,10.38,0.9299999999999999,3.42
52,30.12,1.08,2.88,3.2099999999999995
53,64.92,11.88,12.51,6.78
54,54.779999999999994,17.61,13.860000000000001,6.359999999999999
55,78.80999999999999,4.77,8.64,6.06
56,59.67,18.0,14.819999999999999,7.109999999999999
57,2.19,12.42,8.43,1.65
58,40.85999999999999,4.98,5.76,3.9599999999999995
59,63.24,11.31,14.879999999999999,7.14
60,63.209999999999994,2.79,8.85,5.52
61,16.05,6.419999999999999,0.6,2.4299999999999997
62,78.39,16.41,12.81,7.26
63,71.79,8.19,4.6499999999999995,4.71
64,30.81,2.52,8.88,4.2
65,39.33,8.67,12.839999999999998,5.3999999999999995
66,20.7,0.27,2.79,2.79
67,9.45,0.66,7.38,2.85
68,41.79,3.0599999999999996,4.35,4.02
69,71.22,3.3,8.25,5.669999999999999
70,65.04,8.16,13.17,6.69
71,59.73,11.610000000000001,9.18,5.49
72,32.94,9.51,4.29,3.7199999999999998
73,8.04,5.79,9.9,2.64
74,38.82,9.39,1.71,3.3
75,64.02,3.9299999999999997,7.38,5.1
76,5.069999999999999,26.82,13.110000000000001,2.61
77,8.25,6.21,0.48,2.07
78,36.15,4.26,8.549999999999999,4.26
79,1.62,2.82,8.969999999999999,1.5899999999999999
80,34.8,6.930000000000001,2.31,3.3
81,22.92,6.69,8.01,3.54
82,71.94,11.069999999999999,1.2299999999999998,3.69
83,22.59,9.75,6.09,3.39
84,20.52,10.68,13.35,4.08
85,64.05,10.139999999999999,12.9,6.51
86,57.959999999999994,19.71,5.52,4.56
87,22.889999999999997,4.8,8.25,3.5999999999999996
88,33.21,18.96,12.18,4.8
89,26.49,22.02,7.6499999999999995,3.87
90,32.94,15.419999999999998,14.339999999999998,5.01
91,40.29,2.79,1.47,3.36
92,8.58,9.9,0.44999999999999996,2.19
93,65.30999999999999,17.7,10.049999999999999,5.819999999999999
94,75.27,21.689999999999998,10.95,6.659999999999999
95,32.22,3.27,4.2,3.4499999999999997
96,48.99,15.87,9.48,5.069999999999999
97,59.279999999999994,1.77,1.05,3.51
98,55.47,6.6,6.3,4.6499999999999995
99,86.91,15.36,12.69,7.619999999999999
100,40.559999999999995,13.77,12.51,5.159999999999999
101,66.72,14.939999999999998,1.2899999999999998,3.51
102,88.91999999999999,30.27,10.889999999999999,7.14
103,84.05999999999999,6.419999999999999,3.03,4.44
104,56.37,5.369999999999999,5.159999999999999,4.409999999999999
105,71.46,1.5899999999999999,10.29,6.21
106,41.37,17.7,13.92,5.76
107,7.5,8.91,3.3,2.16
108,27.12,6.96,0.09,2.61
109,3.9299999999999997,7.68,0.12,1.5899999999999999
110,76.62,1.65,8.069999999999999,5.94
111,67.74,16.95,2.4599999999999995,4.02
112,72.50999999999999,6.96,11.4,6.54
113,52.709999999999994,0.72,4.62,4.2299999999999995
114,62.879999999999995,3.2099999999999995,6.180000000000001,4.77
115,23.46,10.35,14.04,4.38
116,22.529999999999998,15.81,10.5,3.78
117,41.76,7.68,4.29,3.6599999999999997
118,22.92,4.44,0.24,2.82
119,37.71,23.76,11.069999999999999,4.77
120,5.819999999999999,6.69,4.8,1.9799999999999998
121,42.39,13.860000000000001,8.04,4.6499999999999995
122,5.64,15.12,6.51,2.1
123,67.2,4.68,0.72,3.48
124,36.93,3.7199999999999998,10.38,4.56
125,68.85,22.26,9.69,5.909999999999999
126,26.16,7.77,3.54,3.1799999999999997
127,2.34,15.18,11.67,1.9799999999999998
128,24.06,2.76,0.0,2.64
129,66.09,0.96,14.7,7.409999999999999
130,17.88,12.93,3.5999999999999996,2.9099999999999997
131,0.21,2.61,11.88,0.48
132,79.55999999999999,12.9,0.87,3.8099999999999996
133,2.52,0.63,8.16,1.71
134,65.94,13.53,10.049999999999999,5.88
135,11.069999999999999,19.679999999999996,11.58,3.24
136,14.489999999999998,2.55,14.1,3.48
137,7.68,2.79,11.7,2.85
138,82.11,17.91,8.67,6.24
139,12.9,6.1499999999999995,7.77,2.88
140,55.47,0.51,13.17,6.21
141,22.02,3.87,5.1,3.27
142,58.10999999999999,22.679999999999996,10.62,5.76
143,66.14999999999999,11.37,9.96,6.03
144,31.379999999999995,10.319999999999999,1.71,3.12
145,28.86,11.67,4.44,3.42
146,42.09,2.6999999999999997,0.57,3.0900000000000003
147,72.03,2.61,2.19,3.9599999999999995
148,72.96,13.29,14.7,7.619999999999999
149,11.4,3.57,12.089999999999998,3.27
150,13.41,6.180000000000001,7.74,3.03
151,84.21,11.1,4.17,4.83
152,36.3,14.61,2.52,3.48
153,59.279999999999994,4.26,6.99,4.98
154,51.39,11.31,11.91,5.7
155,56.34,2.85,6.33,4.68
156,1.2299999999999998,1.71,3.48,0.96
157,28.17,15.149999999999999,13.049999999999999,4.59
158,44.940000000000005,7.29,0.39,3.03
159,3.51,13.56,11.069999999999999,2.19
160,39.51,10.38,5.52,3.87
161,51.75,9.209999999999999,5.430000000000001,4.32
162,25.71,14.79,10.739999999999998,3.99
163,56.52,7.68,5.430000000000001,4.47
164,49.05,2.22,11.04,5.3999999999999995
165,35.16,1.62,4.409999999999999,3.57
166,70.35,25.439999999999998,1.02,3.57
167,5.369999999999999,6.48,11.28,2.4
168,62.04,5.819999999999999,1.56,3.6599999999999997
169,64.62,17.28,7.08,5.13
170,85.29,1.92,3.1799999999999997,4.5
171,15.0,5.52,3.48,2.52
172,49.35,14.219999999999999,6.27,4.35
173,5.88,5.1,6.03,2.28
174,50.52,3.84,2.13,3.51
175,66.72,3.9299999999999997,1.02,3.4499999999999997
176,83.07,12.54,14.669999999999998,8.1
177,74.52,6.09,9.059999999999999,6.06
178,51.059999999999995,10.56,2.34,3.51
179,83.00999999999999,7.109999999999999,0.69,3.54
180,49.68,5.28,3.0,3.78
181,46.98,2.49,0.78,3.15
182,65.55,8.219999999999999,1.62,3.6599999999999997
183,16.86,8.91,1.71,2.61
184,86.28,21.54,12.9,7.859999999999999
185,76.14,9.0,6.39,5.28
186,61.5,5.88,13.53,6.78
187,41.85,7.98,0.63,3.0900000000000003
188,57.33,5.46,8.61,5.19
189,85.8,1.11,4.17,4.77
190,5.609999999999999,7.02,3.63,2.01
191,11.85,1.74,12.33,3.24
192,22.65,1.7999999999999998,3.24,2.97
193,5.159999999999999,9.48,1.2299999999999998,1.77
194,50.04,1.08,12.6,5.88
195,44.91,1.7999999999999998,10.68,5.19
196,11.46,4.14,1.11,2.28
197,28.26,2.4299999999999997,1.47,2.9099999999999997
198,53.1,1.92,2.79,3.84
199,85.08,19.86,12.6,7.6499999999999995
200,69.63,2.61,2.5799999999999996,4.02
1,92.04,27.680000000000003,15.12,8.840000000000002
2,17.8,18.040000000000003,15.719999999999999,4.16
3,6.88,27.72,18.36,3.7200000000000006
4,60.6,23.400000000000002,16.52,7.4
5,72.32000000000001,23.36,4.32,5.16
6,3.48,30.0,19.560000000000002,2.8800000000000003
7,23.0,9.4,13.12,4.720000000000001
8,48.080000000000005,4.64,7.840000000000001,5.28
9,3.44,0.4,0.8400000000000001,1.92
10,79.92000000000002,8.48,1.04,4.24
11,26.439999999999998,9.68,2.32,3.44
12,85.88,1.6,9.600000000000001,6.96
13,9.520000000000001,26.360000000000003,14.040000000000001,3.6799999999999997
14,39.0,2.8800000000000003,3.04,3.88
15,81.64,18.400000000000002,13.16,7.6000000000000005
16,78.16000000000001,21.16,19.080000000000002,8.959999999999999
17,27.12,45.6,14.64,5.0
18,112.56,22.32,15.840000000000002,9.76
19,27.680000000000003,7.32,8.200000000000001,4.5200000000000005
20,58.92000000000001,7.640000000000001,9.56,5.84
21,87.36000000000001,21.36,11.08,7.2
22,94.96000000000001,9.4,2.04,5.0
23,5.28,19.840000000000003,6.36,2.2399999999999998
24,91.32000000000001,10.48,6.76,6.2
25,24.92,7.32,5.04,3.88
26,105.16,7.800000000000001,1.4000000000000001,4.800000000000001
27,57.160000000000004,5.04,11.72,6.0
28,96.04,9.16,6.68,6.36
29,99.52000000000001,9.16,10.840000000000002,7.56
30,28.24,16.32,6.4,4.2
31,117.16,17.28,11.32,8.56
32,45.160000000000004,15.440000000000001,6.96,4.760000000000001
33,38.88,12.0,0.6000000000000001,3.84
34,106.24000000000001,0.12,8.0,6.96
35,38.28,2.9600000000000004,0.5599999999999999,3.8000000000000003
36,116.28,3.4000000000000004,1.64,5.120000000000001
37,106.75999999999999,2.0,17.52,10.16
38,29.880000000000003,18.28,19.76,5.88
39,17.240000000000002,14.040000000000001,10.68,4.04
40,91.2,12.8,15.080000000000002,8.6
41,81.0,12.64,8.92,6.640000000000001
42,70.8,15.480000000000002,13.36,6.840000000000001
43,117.44000000000001,0.7200000000000001,11.08,8.28
44,82.76,10.56,3.3600000000000003,5.16
45,10.040000000000001,17.32,10.280000000000001,3.4000000000000004
46,70.04,12.600000000000001,9.0,5.960000000000001
47,35.88,14.280000000000001,3.9600000000000004,4.24
48,95.96000000000001,7.4,16.6,9.28
49,90.88,19.96,6.32,5.920000000000001
50,26.760000000000005,14.719999999999999,4.68,3.88
51,79.92000000000002,13.840000000000002,1.2400000000000002,4.5600000000000005
52,40.160000000000004,1.4400000000000002,3.84,4.28
53,86.56,15.840000000000002,16.680000000000003,9.040000000000001
54,73.04,23.480000000000004,18.48,8.48
55,105.08,6.36,11.520000000000001,8.08
56,79.56,24.0,19.76,9.48
57,2.92,16.56,11.240000000000002,2.2
58,54.48,6.640000000000001,7.68,5.28
59,84.32000000000001,15.080000000000002,19.840000000000003,9.520000000000001
60,84.28,3.7200000000000006,11.8,7.359999999999999
61,21.400000000000002,8.56,0.8,3.24
62,104.52000000000001,21.880000000000003,17.080000000000002,9.68
63,95.72000000000001,10.920000000000002,6.2,6.28
64,41.080000000000005,3.3600000000000003,11.840000000000002,5.6000000000000005
65,52.44,11.56,17.12,7.2
66,27.6,0.36000000000000004,3.7200000000000006,3.7200000000000006
67,12.600000000000001,0.8800000000000001,9.840000000000002,3.8000000000000003
68,55.720000000000006,4.08,5.800000000000001,5.36
69,94.96000000000001,4.4,11.0,7.56
70,86.72000000000001,10.88,17.56,8.92
71,79.64,15.480000000000002,12.240000000000002,7.32
72,43.92,12.68,5.720000000000001,4.960000000000001
73,10.72,7.720000000000001,13.200000000000001,3.5200000000000005
74,51.760000000000005,12.520000000000001,2.2800000000000002,4.4
75,85.36000000000001,5.24,9.840000000000002,6.800000000000001
76,6.76,35.760000000000005,17.48,3.48
77,11.0,8.28,0.6400000000000001,2.7600000000000002
78,48.2,5.68,11.4,5.68
79,2.16,3.7600000000000002,11.96,2.12
80,46.400000000000006,9.24,3.08,4.4
81,30.560000000000002,8.92,10.68,4.720000000000001
82,95.92000000000002,14.76,1.64,4.920000000000001
83,30.12,13.0,8.120000000000001,4.5200000000000005
84,27.360000000000003,14.240000000000002,17.8,5.44
85,85.4,13.52,17.2,8.68
86,77.28,26.28,7.359999999999999,6.08
87,30.52,6.4,11.0,4.800000000000001
88,44.28,25.28,16.240000000000002,6.4
89,35.32,29.360000000000003,10.200000000000001,5.16
90,43.92,20.560000000000002,19.12,6.68
91,53.720000000000006,3.7200000000000006,1.9600000000000002,4.4799999999999995
92,11.440000000000001,13.200000000000001,0.6000000000000001,2.92
93,87.08,23.6,13.4,7.76
94,100.36000000000001,28.92,14.600000000000001,8.88
95,42.96000000000001,4.36,5.6000000000000005,4.6000000000000005
96,65.32000000000001,21.16,12.64,6.76
97,79.04,2.3600000000000003,1.4000000000000001,4.68
98,73.96000000000001,8.8,8.4,6.2
99,115.88,20.480000000000004,16.919999999999998,10.16
100,54.08,18.36,16.680000000000003,6.88
101,88.96000000000001,19.92,1.72,4.68
102,118.56,40.36000000000001,14.52,9.520000000000001
103,112.08,8.56,4.04,5.920000000000001
104,75.16000000000001,7.16,6.88,5.88
105,95.28,2.12,13.719999999999999,8.28
106,55.160000000000004,23.6,18.56,7.68
107,10.0,11.88,4.4,2.8800000000000003
108,36.160000000000004,9.28,0.12,3.48
109,5.24,10.240000000000002,0.16000000000000003,2.12
110,102.16000000000001,2.2,10.76,7.920000000000001
111,90.32000000000001,22.6,3.28,5.36
112,96.68,9.28,15.200000000000001,8.72
113,70.28,0.96,6.16,5.640000000000001
114,83.84,4.28,8.24,6.36
115,31.28,13.8,18.72,5.84
116,30.04,21.080000000000002,14.0,5.04
117,55.68,10.240000000000002,5.720000000000001,4.88
118,30.560000000000002,5.920000000000001,0.32000000000000006,3.7600000000000002
119,50.28,31.680000000000003,14.76,6.36
120,7.76,8.92,6.4,2.64
121,56.52000000000001,18.48,10.72,6.2
122,7.5200000000000005,20.16,8.68,2.8000000000000003
123,89.60000000000001,6.24,0.96,4.64
124,49.24,4.960000000000001,13.840000000000002,6.08
125,91.80000000000001,29.680000000000003,12.92,7.88
126,34.88,10.36,4.720000000000001,4.24
127,3.12,20.240000000000002,15.56,2.64
128,32.080000000000005,3.6799999999999997,0.0,3.5200000000000005
129,88.12,1.2800000000000002,19.6,9.88
130,23.840000000000003,17.240000000000002,4.800000000000001,3.88
131,0.27999999999999997,3.48,15.840000000000002,0.6400000000000001
132,106.08,17.2,1.16,5.08
133,3.3600000000000003,0.8400000000000001,10.88,2.2800000000000002
134,87.92000000000002,18.040000000000003,13.4,7.840000000000001
135,14.76,26.24,15.440000000000001,4.32
136,19.32,3.4000000000000004,18.8,4.64
137,10.240000000000002,3.7200000000000006,15.600000000000001,3.8000000000000003
138,109.48,23.880000000000003,11.56,8.32
139,17.2,8.200000000000001,10.36,3.84
140,73.96000000000001,0.68,17.56,8.28
141,29.360000000000003,5.16,6.800000000000001,4.36
142,77.48,30.24,14.16,7.68
143,88.2,15.16,13.280000000000001,8.040000000000001
144,41.84,13.76,2.2800000000000002,4.16
145,38.480000000000004,15.56,5.920000000000001,4.5600000000000005
146,56.120000000000005,3.6,0.76,4.12
147,96.04,3.48,2.92,5.28
148,97.28,17.72,19.6,10.16
149,15.200000000000001,4.760000000000001,16.12,4.36
150,17.880000000000003,8.24,10.32,4.04
151,112.28,14.8,5.5600000000000005,6.440000000000001
152,48.400000000000006,19.480000000000004,3.3600000000000003,4.64
153,79.04,5.68,9.32,6.640000000000001
154,68.52000000000001,15.080000000000002,15.880000000000003,7.6000000000000005
155,75.12,3.8000000000000003,8.440000000000001,6.24
156,1.64,2.2800000000000002,4.64,1.2800000000000002
157,37.56,20.200000000000003,17.400000000000002,6.120000000000001
158,59.92000000000001,9.72,0.52,4.04
159,4.68,18.080000000000002,14.76,2.92
160,52.68,13.840000000000002,7.359999999999999,5.16
161,69.0,12.280000000000001,7.240000000000001,5.760000000000001
162,34.28,19.72,14.32,5.32
163,75.36,10.240000000000002,7.240000000000001,5.960000000000001
164,65.4,2.9600000000000004,14.719999999999999,7.2
165,46.88,2.16,5.88,4.760000000000001
166,93.80000000000001,33.92,1.36,4.760000000000001
167,7.16,8.64,15.040000000000001,3.2
168,82.72000000000001,7.76,2.08,4.88
169,86.16000000000001,23.040000000000003,9.440000000000001,6.840000000000001
170,113.72000000000001,2.5600000000000005,4.24,6.0
171,20.0,7.359999999999999,4.64,3.3600000000000003
172,65.8,18.96,8.36,5.800000000000001
173,7.840000000000001,6.800000000000001,8.040000000000001,3.04
174,67.36,5.120000000000001,2.84,4.68
175,88.96000000000001,5.24,1.36,4.6000000000000005
176,110.75999999999999,16.72,19.560000000000002,10.8
177,99.36000000000001,8.120000000000001,12.08,8.08
178,68.08,14.080000000000002,3.12,4.68
179,110.68,9.48,0.9199999999999999,4.720000000000001
180,66.24,7.040000000000001,4.0,5.04
181,62.64,3.3200000000000003,1.04,4.2
182,87.4,10.96,2.16,4.88
183,22.480000000000004,11.88,2.2800000000000002,3.48
184,115.04000000000002,28.72,17.2,10.48
185,101.52000000000001,12.0,8.520000000000001,7.040000000000001
186,82.0,7.840000000000001,18.040000000000003,9.040000000000001
187,55.800000000000004,10.64,0.8400000000000001,4.12
188,76.44,7.28,11.48,6.920000000000001
189,114.4,1.4800000000000002,5.5600000000000005,6.36
190,7.48,9.36,4.84,2.68
191,15.8,2.32,16.44,4.32
192,30.200000000000003,2.4000000000000004,4.32,3.9600000000000004
193,6.88,12.64,1.64,2.3600000000000003
194,66.72000000000001,1.4400000000000002,16.8,7.840000000000001
195,59.879999999999995,2.4000000000000004,14.240000000000002,6.920000000000001
196,15.280000000000001,5.5200000000000005,1.4800000000000002,3.04
197,37.68,3.24,1.9600000000000002,3.88
198,70.8,2.5600000000000005,3.7200000000000006,5.120000000000001
199,113.44000000000001,26.480000000000004,16.8,10.200000000000001
200,92.84,3.48,3.44,5.36
1,115.05,34.6,18.9,11.05
2,22.25,22.55,19.65,5.2
3,8.6,34.65,22.95,4.65
4,75.75,29.25,20.65,9.25
5,90.4,29.2,5.4,6.45
6,4.35,37.5,24.45,3.6
7,28.75,11.75,16.4,5.9
8,60.1,5.8,9.8,6.6
9,4.3,0.5,1.05,2.4
10,99.9,10.6,1.3,5.3
11,33.05,12.1,2.9,4.3
12,107.35,2.0,12.0,8.7
13,11.9,32.95,17.55,4.6
14,48.75,3.6,3.8,4.85
15,102.05,23.0,16.45,9.5
16,97.7,26.45,23.85,11.2
17,33.9,57.0,18.3,6.25
18,140.7,27.9,19.8,12.2
19,34.6,9.15,10.25,5.65
20,73.65,9.55,11.95,7.3
21,109.2,26.7,13.85,9.0
22,118.7,11.75,2.55,6.25
23,6.6,24.8,7.95,2.8
24,114.15,13.1,8.45,7.75
25,31.15,9.15,6.3,4.85
26,131.45,9.75,1.75,6.0
27,71.45,6.3,14.65,7.5
28,120.05,11.45,8.35,7.95
29,124.4,11.45,13.55,9.45
30,35.3,20.4,8.0,5.25
31,146.45,21.6,14.15,10.7
32,56.45,19.3,8.7,5.95
33,48.6,15.0,0.75,4.8
34,132.8,0.15,10.0,8.7
35,47.85,3.7,0.7,4.75
36,145.35,4.25,2.05,6.4
37,133.45,2.5,21.9,12.7
38,37.35,22.85,24.7,7.35
39,21.55,17.55,13.35,5.05
40,114.0,16.0,18.85,10.75
41,101.25,15.8,11.15,8.3
42,88.5,19.35,16.7,8.55
43,146.8,0.9,13.85,10.35
44,103.45,13.2,4.2,6.45
45,12.55,21.65,12.85,4.25
46,87.55,15.75,11.25,7.45
47,44.85,17.85,4.95,5.3
48,119.95,9.25,20.75,11.6
49,113.6,24.95,7.9,7.4
50,33.45,18.4,5.85,4.85
51,99.9,17.3,1.55,5.7
52,50.2,1.8,4.8,5.35
53,108.2,19.8,20.85,11.3
54,91.3,29.35,23.1,10.6
55,131.35,7.95,14.4,10.1
56,99.45,30.0,24.7,11.85
57,3.65,20.7,14.05,2.75
58,68.1,8.3,9.6,6.6
59,105.4,18.85,24.8,11.9
60,105.35,4.65,14.75,9.2
61,26.75,10.7,1.0,4.05
62,130.65,27.35,21.35,12.1
63,119.65,13.65,7.75,7.85
64,51.35,4.2,14.8,7.0
65,65.55,14.45,21.4,9.0
66,34.5,0.45,4.65,4.65
67,15.75,1.1,12.3,4.75
68,69.65,5.1,7.25,6.7
69,118.7,5.5,13.75,9.45
70,108.4,13.6,21.95,11.15
71,99.55,19.35,15.3,9.15
72,54.9,15.85,7.15,6.2
73,13.4,9.65,16.5,4.4
74,64.7,15.65,2.85,5.5
75,106.7,6.55,12.3,8.5
76,8.45,44.7,21.85,4.35
77,13.75,10.35,0.8,3.45
78,60.25,7.1,14.25,7.1
79,2.7,4.7,14.95,2.65
80,58.0,11.55,3.85,5.5
81,38.2,11.15,13.35,5.9
82,119.9,18.45,2.05,6.15
83,37.65,16.25,10.15,5.65
84,34.2,17.8,22.25,6.8
85,106.75,16.9,21.5,10.85
86,96.6,32.85,9.2,7.6
87,38.15,8.0,13.75,6.0
88,55.35,31.6,20.3,8.0
89,44.15,36.7,12.75,6.45
90,54.9,25.7,23.9,8.35
91,67.15,4.65,2.45,5.6
92,14.3,16.5,0.75,3.65
93,108.85,29.5,16.75,9.7
94,125.45,36.15,18.25,11.1
95,53.7,5.45,7.0,5.75
96,81.65,26.45,15.8,8.45
97,98.8,2.95,1.75,5.85
98,92.45,11.0,10.5,7.75
99,144.85,25.6,21.15,12.7
100,67.6,22.95,20.85,8.6
101,111.2,24.9,2.15,5.85
102,148.2,50.45,18.15,11.9
103,140.1,10.7,5.05,7.4
104,93.95,8.95,8.6,7.35
105,119.1,2.65,17.15,10.35
106,68.95,29.5,23.2,9.6
107,12.5,14.85,5.5,3.6
108,45.2,11.6,0.15,4.35
109,6.55,12.8,0.2,2.65
110,127.7,2.75,13.45,9.9
111,112.9,28.25,4.1,6.7
112,120.85,11.6,19.0,10.9
113,87.85,1.2,7.7,7.05
114,104.8,5.35,10.3,7.95
115,39.1,17.25,23.4,7.3
116,37.55,26.35,17.5,6.3
117,69.6,12.8,7.15,6.1
118,38.2,7.4,0.4,4.7
119,62.85,39.6,18.45,7.95
120,9.7,11.15,8.0,3.3
121,70.65,23.1,13.4,7.75
122,9.4,25.2,10.85,3.5
123,112.0,7.8,1.2,5.8
124,61.55,6.2,17.3,7.6
125,114.75,37.1,16.15,9.85
126,43.6,12.95,5.9,5.3
127,3.9,25.3,19.45,3.3
128,40.1,4.6,0.0,4.4
129,110.15,1.6,24.5,12.35
130,29.8,21.55,6.0,4.85
131,0.35,4.35,19.8,0.8
132,132.6,21.5,1.45,6.35
133,4.2,1.05,13.6,2.85
134,109.9,22.55,16.75,9.8
135,18.45,32.8,19.3,5.4
136,24.15,4.25,23.5,5.8
137,12.8,4.65,19.5,4.75
138,136.85,29.85,14.45,10.4
139,21.5,10.25,12.95,4.8
140,92.45,0.85,21.95,10.35
141,36.7,6.45,8.5,5.45
142,96.85,37.8,17.7,9.6
143,110.25,18.95,16.6,10.05
144,52.3,17.2,2.85,5.2
145,48.1,19.45,7.4,5.7
146,70.15,4.5,0.95,5.15
147,120.05,4.35,3.65,6.6
148,121.6,22.15,24.5,12.7
149,19.0,5.95,20.15,5.45
150,22.35,10.3,12.9,5.05
151,140.35,18.5,6.95,8.05
152,60.5,24.35,4.2,5.8
153,98.8,7.1,11.65,8.3
154,85.65,18.85,19.85,9.5
155,93.9,4.75,10.55,7.8
156,2.05,2.85,5.8,1.6
157,46.95,25.25,21.75,7.65
158,74.9,12.15,0.65,5.05
159,5.85,22.6,18.45,3.65
160,65.85,17.3,9.2,6.45
161,86.25,15.35,9.05,7.2
162,42.85,24.65,17.9,6.65
163,94.2,12.8,9.05,7.45
164,81.75,3.7,18.4,9.0
165,58.6,2.7,7.35,5.95
166,117.25,42.4,1.7,5.95
167,8.95,10.8,18.8,4.0
168,103.4,9.7,2.6,6.1
169,107.7,28.8,11.8,8.55
170,142.15,3.2,5.3,7.5
171,25.0,9.2,5.8,4.2
172,82.25,23.7,10.45,7.25
173,9.8,8.5,10.05,3.8
174,84.2,6.4,3.55,5.85
175,111.2,6.55,1.7,5.75
176,138.45,20.9,24.45,13.5
177,124.2,10.15,15.1,10.1
178,85.1,17.6,3.9,5.85
179,138.35,11.85,1.15,5.9
180,82.8,8.8,5.0,6.3
181,78.3,4.15,1.3,5.25
182,109.25,13.7,2.7,6.1
183,28.1,14.85,2.85,4.35
184,143.8,35.9,21.5,13.1
185,126.9,15.0,10.65,8.8
186,102.5,9.8,22.55,11.3
187,69.75,13.3,1.05,5.15
188,95.55,9.1,14.35,8.65
189,143.0,1.85,6.95,7.95
190,9.35,11.7,6.05,3.35
191,19.75,2.9,20.55,5.4
192,37.75,3.0,5.4,4.95
193,8.6,15.8,2.05,2.95
194,83.4,1.8,21.0,9.8
195,74.85,3.0,17.8,8.65
196,19.1,6.9,1.85,3.8
197,47.1,4.05,2.45,4.85
198,88.5,3.2,4.65,6.4
199,141.8,33.1,21.0,12.75
200,116.05,4.35,4.3,6.7
1,138.06,41.52,22.679999999999996,13.26
2,26.7,27.06,23.58,6.24
3,10.319999999999999,41.58,27.54,5.58
4,90.89999999999999,35.1,24.779999999999998,11.1
5,108.48,35.04,6.48,7.74
6,5.22,45.0,29.339999999999996,4.32
7,34.5,14.1,19.679999999999996,7.08
8,72.12,6.96,11.76,7.919999999999999
9,5.159999999999999,0.6,1.26,2.88
10,119.88,12.719999999999999,1.56,6.359999999999999
11,39.66,14.52,3.48,5.159999999999999
12,128.82,2.4,14.399999999999999,10.44
13,14.28,39.54,21.06,5.52
14,58.5,4.32,4.56,5.819999999999999
15,122.46,27.599999999999998,19.74,11.4
16,117.24,31.74,28.62,13.44
17,40.68,68.39999999999999,21.96,7.5
18,168.83999999999997,33.48,23.76,14.639999999999999
19,41.52,10.98,12.299999999999999,6.78
20,88.38000000000001,11.46,14.339999999999998,8.76
21,131.04,32.04,16.619999999999997,10.799999999999999
22,142.44,14.1,3.0599999999999996,7.5
23,7.919999999999999,29.759999999999998,9.54,3.36
24,136.98,15.719999999999999,10.139999999999999,9.299999999999999
25,37.379999999999995,10.98,7.56,5.819999999999999
26,157.73999999999998,11.7,2.1,7.199999999999999
27,85.74,7.56,17.58,9.0
28,144.06,13.739999999999998,10.02,9.54
29,149.28,13.739999999999998,16.26,11.339999999999998
30,42.35999999999999,24.479999999999997,9.6,6.3
31,175.73999999999998,25.92,16.98,12.839999999999998
32,67.74,23.16,10.44,7.14
33,58.32,18.0,0.8999999999999999,5.76
34,159.36,0.18,12.0,10.44
35,57.42,4.44,0.84,5.7
36,174.42,5.1,2.4599999999999995,7.68
37,160.14,3.0,26.279999999999998,15.239999999999998
38,44.82,27.42,29.639999999999997,8.819999999999999
39,25.86,21.06,16.02,6.06
40,136.79999999999998,19.2,22.62,12.9
41,121.5,18.96,13.38,9.96
42,106.2,23.220000000000002,20.04,10.26
43,176.16,1.08,16.619999999999997,12.42
44,124.14,15.839999999999998,5.04,7.74
45,15.06,25.979999999999997,15.419999999999998,5.1
46,105.05999999999999,18.9,13.5,8.94
47,53.82,21.42,5.94,6.359999999999999
48,143.94,11.1,24.9,13.92
49,136.32,29.939999999999998,9.48,8.88
50,40.14,22.08,7.02,5.819999999999999
51,119.88,20.76,1.8599999999999999,6.84
52,60.24,2.16,5.76,6.419999999999999
53,129.84,23.76,25.02,13.56
54,109.55999999999999,35.22,27.720000000000002,12.719999999999999
55,157.61999999999998,9.54,17.28,12.12
56,119.34,36.0,29.639999999999997,14.219999999999999
57,4.38,24.84,16.86,3.3
58,81.71999999999998,9.96,11.52,7.919999999999999
59,126.48,22.62,29.759999999999998,14.28
60,126.41999999999999,5.58,17.7,11.04
61,32.1,12.839999999999998,1.2,4.859999999999999
62,156.78,32.82,25.62,14.52
63,143.58,16.38,9.299999999999999,9.42
64,61.62,5.04,17.76,8.4
65,78.66,17.34,25.679999999999996,10.799999999999999
66,41.4,0.54,5.58,5.58
67,18.9,1.32,14.76,5.7
68,83.58,6.119999999999999,8.7,8.04
69,142.44,6.6,16.5,11.339999999999998
70,130.08,16.32,26.34,13.38
71,119.46,23.220000000000002,18.36,10.98
72,65.88,19.02,8.58,7.4399999999999995
73,16.08,11.58,19.8,5.28
74,77.64,18.78,3.42,6.6
75,128.04,7.859999999999999,14.76,10.2
76,10.139999999999999,53.64,26.220000000000002,5.22
77,16.5,12.42,0.96,4.14
78,72.3,8.52,17.099999999999998,8.52
79,3.24,5.64,17.939999999999998,3.1799999999999997
80,69.6,13.860000000000001,4.62,6.6
81,45.84,13.38,16.02,7.08
82,143.88,22.139999999999997,2.4599999999999995,7.38
83,45.18,19.5,12.18,6.78
84,41.04,21.36,26.7,8.16
85,128.1,20.279999999999998,25.8,13.02
86,115.91999999999999,39.42,11.04,9.12
87,45.779999999999994,9.6,16.5,7.199999999999999
88,66.42,37.92,24.36,9.6
89,52.98,44.04,15.299999999999999,7.74
90,65.88,30.839999999999996,28.679999999999996,10.02
91,80.58,5.58,2.94,6.72
92,17.16,19.8,0.8999999999999999,4.38
93,130.61999999999998,35.4,20.099999999999998,11.639999999999999
94,150.54,43.379999999999995,21.9,13.319999999999999
95,64.44,6.54,8.4,6.8999999999999995
96,97.98,31.74,18.96,10.139999999999999
97,118.55999999999999,3.54,2.1,7.02
98,110.94,13.2,12.6,9.299999999999999
99,173.82,30.72,25.38,15.239999999999998
100,81.11999999999999,27.54,25.02,10.319999999999999
101,133.44,29.879999999999995,2.5799999999999996,7.02
102,177.83999999999997,60.54,21.779999999999998,14.28
103,168.11999999999998,12.839999999999998,6.06,8.88
104,112.74,10.739999999999998,10.319999999999999,8.819999999999999
105,142.92,3.1799999999999997,20.58,12.42
106,82.74,35.4,27.84,11.52
107,15.0,17.82,6.6,4.32
108,54.24,13.92,0.18,5.22
109,7.859999999999999,15.36,0.24,3.1799999999999997
110,153.24,3.3,16.139999999999997,11.88
111,135.48,33.9,4.919999999999999,8.04
112,145.01999999999998,13.92,22.8,13.08
113,105.41999999999999,1.44,9.24,8.459999999999999
114,125.75999999999999,6.419999999999999,12.360000000000001,9.54
115,46.92,20.7,28.08,8.76
116,45.059999999999995,31.62,21.0,7.56
117,83.52,15.36,8.58,7.319999999999999
118,45.84,8.88,0.48,5.64
119,75.42,47.52,22.139999999999997,9.54
120,11.639999999999999,13.38,9.6,3.9599999999999995
121,84.78,27.720000000000002,16.08,9.299999999999999
122,11.28,30.24,13.02,4.2
123,134.4,9.36,1.44,6.96
124,73.86,7.4399999999999995,20.76,9.12
125,137.7,44.52,19.38,11.819999999999999
126,52.32,15.54,7.08,6.359999999999999
127,4.68,30.36,23.34,3.9599999999999995
128,48.12,5.52,0.0,5.28
129,132.18,1.92,29.4,14.819999999999999
130,35.76,25.86,7.199999999999999,5.819999999999999
131,0.42,5.22,23.76,0.96
132,159.11999999999998,25.8,1.74,7.619999999999999
133,5.04,1.26,16.32,3.42
134,131.88,27.06,20.099999999999998,11.76
135,22.139999999999997,39.35999999999999,23.16,6.48
136,28.979999999999997,5.1,28.2,6.96
137,15.36,5.58,23.4,5.7
138,164.22,35.82,17.34,12.48
139,25.8,12.299999999999999,15.54,5.76
140,110.94,1.02,26.34,12.42
141,44.04,7.74,10.2,6.54
142,116.21999999999998,45.35999999999999,21.24,11.52
143,132.29999999999998,22.74,19.92,12.06
144,62.75999999999999,20.639999999999997,3.42,6.24
145,57.72,23.34,8.88,6.84
146,84.18,5.3999999999999995,1.14,6.180000000000001
147,144.06,5.22,4.38,7.919999999999999
148,145.92,26.58,29.4,15.239999999999998
149,22.8,7.14,24.179999999999996,6.54
150,26.82,12.360000000000001,15.48,6.06
151,168.42,22.2,8.34,9.66
152,72.6,29.22,5.04,6.96
153,118.55999999999999,8.52,13.98,9.96
154,102.78,22.62,23.82,11.4
155,112.68,5.7,12.66,9.36
156,2.4599999999999995,3.42,6.96,1.92
157,56.34,30.299999999999997,26.099999999999998,9.18
158,89.88000000000001,14.58,0.78,6.06
159,7.02,27.12,22.139999999999997,4.38
160,79.02,20.76,11.04,7.74
161,103.5,18.419999999999998,10.860000000000001,8.64
162,51.42,29.58,21.479999999999997,7.98
163,113.04,15.36,10.860000000000001,8.94
164,98.1,4.44,22.08,10.799999999999999
165,70.32,3.24,8.819999999999999,7.14
166,140.7,50.879999999999995,2.04,7.14
167,10.739999999999998,12.96,22.56,4.8
168,124.08,11.639999999999999,3.12,7.319999999999999
169,129.24,34.56,14.16,10.26
170,170.58,3.84,6.359999999999999,9.0
171,30.0,11.04,6.96,5.04
172,98.7,28.439999999999998,12.54,8.7
173,11.76,10.2,12.06,4.56
174,101.04,7.68,4.26,7.02
175,133.44,7.859999999999999,2.04,6.8999999999999995
176,166.14,25.08,29.339999999999996,16.2
177,149.04,12.18,18.119999999999997,12.12
178,102.11999999999999,21.12,4.68,7.02
179,166.01999999999998,14.219999999999999,1.38,7.08
180,99.36,10.56,6.0,7.56
181,93.96,4.98,1.56,6.3
182,131.1,16.439999999999998,3.24,7.319999999999999
183,33.72,17.82,3.42,5.22
184,172.56,43.08,25.8,15.719999999999999
185,152.28,18.0,12.78,10.56
186,123.0,11.76,27.06,13.56
187,83.7,15.96,1.26,6.180000000000001
188,114.66,10.92,17.22,10.38
189,171.6,2.22,8.34,9.54
190,11.219999999999999,14.04,7.26,4.02
191,23.7,3.48,24.66,6.48
192,45.3,3.5999999999999996,6.48,5.94
193,10.319999999999999,18.96,2.4599999999999995,3.54
194,100.08,2.16,25.2,11.76
195,89.82,3.5999999999999996,21.36,10.38
196,22.92,8.28,2.22,4.56
197,56.52,4.859999999999999,2.94,5.819999999999999
198,106.2,3.84,5.58,7.68
199,170.16,39.72,25.2,15.299999999999999
200,139.26,5.22,5.159999999999999,8.04
1,161.07,48.44,26.459999999999997,15.47
2,31.15,31.57,27.509999999999998,7.279999999999999
3,12.04,48.51,32.129999999999995,6.51
4,106.05,40.949999999999996,28.909999999999997,12.95
5,126.56,40.879999999999995,7.56,9.03
6,6.089999999999999,52.5,34.23,5.04
7,40.25,16.45,22.959999999999997,8.26
8,84.14,8.12,13.72,9.239999999999998
9,6.02,0.7,1.47,3.36
10,139.85999999999999,14.839999999999998,1.8199999999999998,7.419999999999999
11,46.269999999999996,16.939999999999998,4.06,6.02
12,150.29,2.8,16.799999999999997,12.179999999999998
13,16.66,46.13,24.57,6.4399999999999995
14,68.25,5.04,5.319999999999999,6.789999999999999
15,142.86999999999998,32.199999999999996,23.029999999999998,13.299999999999999
16,136.78,37.029999999999994,33.39,15.679999999999998
17,47.459999999999994,79.8,25.62,8.75
18,196.97999999999996,39.059999999999995,27.72,17.08
19,48.44,12.81,14.35,7.91
20,103.11,13.370000000000001,16.729999999999997,10.219999999999999
21,152.88,37.379999999999995,19.389999999999997,12.6
22,166.18,16.45,3.5699999999999994,8.75
23,9.239999999999998,34.72,11.129999999999999,3.9199999999999995
24,159.81,18.34,11.829999999999998,10.85
25,43.60999999999999,12.81,8.819999999999999,6.789999999999999
26,184.02999999999997,13.649999999999999,2.4499999999999997,8.399999999999999
27,100.03,8.819999999999999,20.509999999999998,10.5
28,168.07,16.029999999999998,11.69,11.129999999999999
29,174.16,16.029999999999998,18.97,13.229999999999999
30,49.419999999999995,28.559999999999995,11.2,7.35
31,205.02999999999997,30.24,19.81,14.979999999999999
32,79.03,27.02,12.179999999999998,8.33
33,68.03999999999999,21.0,1.0499999999999998,6.72
34,185.92000000000002,0.21,14.0,12.179999999999998
35,66.99,5.18,0.9799999999999999,6.6499999999999995
36,203.48999999999998,5.949999999999999,2.8699999999999997,8.959999999999999
37,186.82999999999998,3.5,30.659999999999997,17.779999999999998
38,52.29,31.99,34.58,10.29
39,30.169999999999998,24.57,18.689999999999998,7.069999999999999
40,159.6,22.4,26.39,15.049999999999999
41,141.75,22.12,15.61,11.620000000000001
42,123.89999999999999,27.09,23.38,11.97
43,205.52,1.26,19.389999999999997,14.489999999999998
44,144.82999999999998,18.479999999999997,5.88,9.03
45,17.57,30.309999999999995,17.99,5.949999999999999
46,122.57,22.049999999999997,15.749999999999998,10.43
47,62.79,24.990000000000002,6.93,7.419999999999999
48,167.93,12.95,29.049999999999997,16.24
49,159.04,34.93,11.06,10.36
50,46.83,25.759999999999998,8.19,6.789999999999999
51,139.85999999999999,24.22,2.17,7.9799999999999995
52,70.28,2.52,6.72,7.489999999999999
53,151.48,27.72,29.19,15.82
54,127.82,41.089999999999996,32.34,14.839999999999998
55,183.89,11.129999999999999,20.16,14.139999999999999
56,139.23,42.0,34.58,16.59
57,5.109999999999999,28.979999999999997,19.669999999999998,3.8499999999999996
58,95.33999999999999,11.620000000000001,13.44,9.239999999999998
59,147.56,26.39,34.72,16.66
60,147.48999999999998,6.51,20.65,12.879999999999999
61,37.449999999999996,14.979999999999999,1.4,5.669999999999999
62,182.91,38.29,29.89,16.939999999999998
63,167.51,19.11,10.85,10.989999999999998
64,71.89,5.88,20.72,9.799999999999999
65,91.77,20.229999999999997,29.959999999999997,12.6
66,48.3,0.63,6.51,6.51
67,22.049999999999997,1.54,17.22,6.6499999999999995
68,97.51,7.139999999999999,10.149999999999999,9.379999999999999
69,166.18,7.699999999999999,19.25,13.229999999999999
70,151.76,19.04,30.729999999999997,15.61
71,139.36999999999998,27.09,21.419999999999998,12.81
72,76.86,22.189999999999998,10.01,8.68
73,18.759999999999998,13.51,23.099999999999998,6.16
74,90.58,21.91,3.9899999999999998,7.699999999999999
75,149.38,9.17,17.22,11.899999999999999
76,11.829999999999998,62.58,30.59,6.089999999999999
77,19.25,14.489999999999998,1.1199999999999999,4.83
78,84.35,9.94,19.95,9.94
79,3.78,6.58,20.929999999999996,3.7099999999999995
80,81.19999999999999,16.17,5.39,7.699999999999999
81,53.480000000000004,15.61,18.689999999999998,8.26
82,167.85999999999999,25.83,2.8699999999999997,8.61
83,52.709999999999994,22.75,14.209999999999999,7.91
84,47.88,24.919999999999998,31.15,9.52
85,149.45,23.659999999999997,30.099999999999998,15.189999999999998
86,135.23999999999998,45.99,12.879999999999999,10.639999999999999
87,53.41,11.2,19.25,8.399999999999999
88,77.49,44.24,28.419999999999998,11.2
89,61.809999999999995,51.38,17.849999999999998,9.03
90,76.86,35.98,33.459999999999994,11.69
91,94.01,6.51,3.43,7.839999999999999
92,20.02,23.099999999999998,1.0499999999999998,5.109999999999999
93,152.39,41.3,23.45,13.579999999999998
94,175.63,50.60999999999999,25.549999999999997,15.54
95,75.17999999999999,7.63,9.799999999999999,8.049999999999999
96,114.31,37.029999999999994,22.12,11.829999999999998
97,138.32,4.13,2.4499999999999997,8.19
98,129.43,15.399999999999999,14.7,10.85
99,202.79,35.839999999999996,29.609999999999996,17.779999999999998
100,94.63999999999999,32.129999999999995,29.19,12.04
101,155.68,34.85999999999999,3.01,8.19
102,207.47999999999996,70.63,25.409999999999997,16.66
103,196.14,14.979999999999999,7.069999999999999,10.36
104,131.53,12.529999999999998,12.04,10.29
105,166.73999999999998,3.7099999999999995,24.009999999999998,14.489999999999998
106,96.53,41.3,32.48,13.44
107,17.5,20.79,7.699999999999999,5.04
108,63.28,16.24,0.21,6.089999999999999
109,9.17,17.919999999999998,0.27999999999999997,3.7099999999999995
110,178.78,3.8499999999999996,18.83,13.86
111,158.06,39.55,5.739999999999999,9.379999999999999
112,169.18999999999997,16.24,26.599999999999998,15.26
113,122.98999999999998,1.68,10.78,9.87
114,146.72,7.489999999999999,14.42,11.129999999999999
115,54.74,24.15,32.76,10.219999999999999
116,52.56999999999999,36.89,24.5,8.819999999999999
117,97.43999999999998,17.919999999999998,10.01,8.54
118,53.480000000000004,10.36,0.5599999999999999,6.58
119,87.99,55.44,25.83,11.129999999999999
120,13.579999999999998,15.61,11.2,4.619999999999999
121,98.91,32.34,18.759999999999998,10.85
122,13.16,35.279999999999994,15.189999999999998,4.8999999999999995
123,156.79999999999998,10.92,1.68,8.12
124,86.16999999999999,8.68,24.22,10.639999999999999
125,160.64999999999998,51.94,22.609999999999996,13.79
126,61.04,18.13,8.26,7.419999999999999
127,5.46,35.42,27.229999999999997,4.619999999999999
128,56.14,6.4399999999999995,0.0,6.16
129,154.21,2.2399999999999998,34.3,17.29
130,41.72,30.169999999999998,8.399999999999999,6.789999999999999
131,0.48999999999999994,6.089999999999999,27.72,1.1199999999999999
132,185.64,30.099999999999998,2.03,8.889999999999999
133,5.88,1.47,19.04,3.9899999999999998
134,153.85999999999999,31.57,23.45,13.72
135,25.83,45.919999999999995,27.02,7.56
136,33.809999999999995,5.949999999999999,32.9,8.12
137,17.919999999999998,6.51,27.299999999999997,6.6499999999999995
138,191.58999999999997,41.79,20.229999999999997,14.559999999999999
139,30.099999999999998,14.35,18.13,6.72
140,129.43,1.19,30.729999999999997,14.489999999999998
141,51.38,9.03,11.899999999999999,7.63
142,135.58999999999997,52.919999999999995,24.779999999999998,13.44
143,154.35,26.529999999999998,23.240000000000002,14.07
144,73.21999999999998,24.08,3.9899999999999998,7.279999999999999
145,67.34,27.229999999999997,10.36,7.9799999999999995
146,98.21000000000001,6.3,1.3299999999999998,7.21
147,168.07,6.089999999999999,5.109999999999999,9.239999999999998
148,170.23999999999998,31.009999999999994,34.3,17.779999999999998
149,26.599999999999998,8.33,28.209999999999997,7.63
150,31.29,14.42,18.06,7.069999999999999
151,196.48999999999998,25.9,9.73,11.27
152,84.69999999999999,34.089999999999996,5.88,8.12
153,138.32,9.94,16.31,11.620000000000001
154,119.91,26.39,27.79,13.299999999999999
155,131.46,6.6499999999999995,14.77,10.92
156,2.8699999999999997,3.9899999999999998,8.12,2.2399999999999998
157,65.73,35.349999999999994,30.45,10.709999999999999
158,104.86,17.009999999999998,0.9099999999999999,7.069999999999999
159,8.19,31.64,25.83,5.109999999999999
160,92.18999999999998,24.22,12.879999999999999,9.03
161,120.74999999999999,21.49,12.67,10.08
162,59.989999999999995,34.51,25.059999999999995,9.31
163,131.88,17.919999999999998,12.67,10.43
164,114.44999999999999,5.18,25.759999999999998,12.6
165,82.03999999999999,3.78,10.29,8.33
166,164.14999999999998,59.35999999999999,2.38,8.33
167,12.529999999999998,15.12,26.32,5.6
168,144.76,13.579999999999998,3.6399999999999997,8.54
169,150.78,40.32,16.52,11.97
170,199.01,4.4799999999999995,7.419999999999999,10.5
171,35.0,12.879999999999999,8.12,5.88
172,115.14999999999999,33.18,14.629999999999997,10.149999999999999
173,13.72,11.899999999999999,14.07,5.319999999999999
174,117.88,8.959999999999999,4.97,8.19
175,155.68,9.17,2.38,8.049999999999999
176,193.82999999999998,29.259999999999994,34.23,18.9
177,173.88,14.209999999999999,21.139999999999997,14.139999999999999
178,119.13999999999999,24.64,5.46,8.19
179,193.68999999999997,16.59,1.6099999999999999,8.26
180,115.91999999999999,12.32,7.0,8.819999999999999
181,109.61999999999999,5.8100000000000005,1.8199999999999998,7.35
182,152.95,19.179999999999996,3.78,8.54
183,39.339999999999996,20.79,3.9899999999999998,6.089999999999999
184,201.32,50.26,30.099999999999998,18.34
185,177.66,21.0,14.91,12.32
186,143.5,13.72,31.57,15.82
187,97.64999999999999,18.62,1.47,7.21
188,133.76999999999998,12.739999999999998,20.09,12.11
189,200.2,2.59,9.73,11.129999999999999
190,13.089999999999998,16.38,8.469999999999999,4.6899999999999995
191,27.65,4.06,28.77,7.56
192,52.849999999999994,4.199999999999999,7.56,6.93
193,12.04,22.12,2.8699999999999997,4.13
194,116.76,2.52,29.4,13.72
195,104.78999999999999,4.199999999999999,24.919999999999998,12.11
196,26.740000000000002,9.66,2.59,5.319999999999999
197,65.94,5.669999999999999,3.43,6.789999999999999
198,123.89999999999999,4.4799999999999995,6.51,8.959999999999999
199,198.52,46.339999999999996,29.4,17.849999999999998
200,162.47,6.089999999999999,6.02,9.379999999999999
1,184.08,55.36000000000001,30.24,17.680000000000003
2,35.6,36.080000000000005,31.439999999999998,8.32
3,13.76,55.44,36.72,7.440000000000001
4,121.2,46.800000000000004,33.04,14.8
5,144.64000000000001,46.72,8.64,10.32
6,6.96,60.0,39.120000000000005,5.760000000000001
7,46.0,18.8,26.24,9.440000000000001
8,96.16000000000001,9.28,15.680000000000001,10.56
9,6.88,0.8,1.6800000000000002,3.84
10,159.84000000000003,16.96,2.08,8.48
11,52.879999999999995,19.36,4.64,6.88
12,171.76,3.2,19.200000000000003,13.92
13,19.040000000000003,52.720000000000006,28.080000000000002,7.359999999999999
14,78.0,5.760000000000001,6.08,7.76
15,163.28,36.800000000000004,26.32,15.200000000000001
16,156.32000000000002,42.32,38.160000000000004,17.919999999999998
17,54.24,91.2,29.28,10.0
18,225.12,44.64,31.680000000000003,19.52
19,55.36000000000001,14.64,16.400000000000002,9.040000000000001
20,117.84000000000002,15.280000000000001,19.12,11.68
21,174.72000000000003,42.72,22.16,14.4
22,189.92000000000002,18.8,4.08,10.0
23,10.56,39.68000000000001,12.72,4.4799999999999995
24,182.64000000000001,20.96,13.52,12.4
25,49.84,14.64,10.08,7.76
26,210.32,15.600000000000001,2.8000000000000003,9.600000000000001
27,114.32000000000001,10.08,23.44,12.0
28,192.08,18.32,13.36,12.72
29,199.04000000000002,18.32,21.680000000000003,15.12
30,56.48,32.64,12.8,8.4
31,234.32,34.56,22.64,17.12
32,90.32000000000001,30.880000000000003,13.92,9.520000000000001
33,77.76,24.0,1.2000000000000002,7.68
34,212.48000000000002,0.24,16.0,13.92
35,76.56,5.920000000000001,1.1199999999999999,7.6000000000000005
36,232.56,6.800000000000001,3.28,10.240000000000002
37,213.51999999999998,4.0,35.04,20.32
38,59.760000000000005,36.56,39.52,11.76
39,34.480000000000004,28.080000000000002,21.36,8.08
40,182.4,25.6,30.160000000000004,17.2
41,162.0,25.28,17.84,13.280000000000001
42,141.6,30.960000000000004,26.72,13.680000000000001
43,234.88000000000002,1.4400000000000002,22.16,16.56
44,165.52,21.12,6.720000000000001,10.32
45,20.080000000000002,34.64,20.560000000000002,6.800000000000001
46,140.08,25.200000000000003,18.0,11.920000000000002
47,71.76,28.560000000000002,7.920000000000001,8.48
48,191.92000000000002,14.8,33.2,18.56
49,181.76,39.92,12.64,11.840000000000002
50,53.52000000000001,29.439999999999998,9.36,7.76
51,159.84000000000003,27.680000000000003,2.4800000000000004,9.120000000000001
52,80.32000000000001,2.8800000000000003,7.68,8.56
53,173.12,31.680000000000003,33.36000000000001,18.080000000000002
54,146.08,46.96000000000001,36.96,16.96
55,210.16,12.72,23.040000000000003,16.16
56,159.12,48.0,39.52,18.96
57,5.84,33.12,22.480000000000004,4.4
58,108.96,13.280000000000001,15.36,10.56
59,168.64000000000001,30.160000000000004,39.68000000000001,19.040000000000003
60,168.56,7.440000000000001,23.6,14.719999999999999
61,42.800000000000004,17.12,1.6,6.48
62,209.04000000000002,43.760000000000005,34.160000000000004,19.36
63,191.44000000000003,21.840000000000003,12.4,12.56
64,82.16000000000001,6.720000000000001,23.680000000000003,11.200000000000001
65,104.88,23.12,34.24,14.4
66,55.2,0.7200000000000001,7.440000000000001,7.440000000000001
67,25.200000000000003,1.7600000000000002,19.680000000000003,7.6000000000000005
68,111.44000000000001,8.16,11.600000000000001,10.72
69,189.92000000000002,8.8,22.0,15.12
70,173.44000000000003,21.76,35.12,17.84
71,159.28,30.960000000000004,24.480000000000004,14.64
72,87.84,25.36,11.440000000000001,9.920000000000002
73,21.44,15.440000000000001,26.400000000000002,7.040000000000001
74,103.52000000000001,25.040000000000003,4.5600000000000005,8.8
75,170.72000000000003,10.48,19.680000000000003,13.600000000000001
76,13.52,71.52000000000001,34.96,6.96
77,22.0,16.56,1.2800000000000002,5.5200000000000005
78,96.4,11.36,22.8,11.36
79,4.32,7.5200000000000005,23.92,4.24
80,92.80000000000001,18.48,6.16,8.8
81,61.120000000000005,17.84,21.36,9.440000000000001
82,191.84000000000003,29.52,3.28,9.840000000000002
83,60.24,26.0,16.240000000000002,9.040000000000001
84,54.720000000000006,28.480000000000004,35.6,10.88
85,170.8,27.04,34.4,17.36
86,154.56,52.56,14.719999999999999,12.16
87,61.04,12.8,22.0,9.600000000000001
88,88.56,50.56,32.480000000000004,12.8
89,70.64,58.720000000000006,20.400000000000002,10.32
90,87.84,41.120000000000005,38.24,13.36
91,107.44000000000001,7.440000000000001,3.9200000000000004,8.959999999999999
92,22.880000000000003,26.400000000000002,1.2000000000000002,5.84
93,174.16,47.2,26.8,15.52
94,200.72000000000003,57.84,29.200000000000003,17.76
95,85.92000000000002,8.72,11.200000000000001,9.200000000000001
96,130.64000000000001,42.32,25.28,13.52
97,158.08,4.720000000000001,2.8000000000000003,9.36
98,147.92000000000002,17.6,16.8,12.4
99,231.76,40.96000000000001,33.839999999999996,20.32
100,108.16,36.72,33.36000000000001,13.76
101,177.92000000000002,39.84,3.44,9.36
102,237.12,80.72000000000001,29.04,19.040000000000003
103,224.16,17.12,8.08,11.840000000000002
104,150.32000000000002,14.32,13.76,11.76
105,190.56,4.24,27.439999999999998,16.56
106,110.32000000000001,47.2,37.12,15.36
107,20.0,23.76,8.8,5.760000000000001
108,72.32000000000001,18.56,0.24,6.96
109,10.48,20.480000000000004,0.32000000000000006,4.24
110,204.32000000000002,4.4,21.52,15.840000000000002
111,180.64000000000001,45.2,6.56,10.72
112,193.36,18.56,30.400000000000002,17.44
113,140.56,1.92,12.32,11.280000000000001
114,167.68,8.56,16.48,12.72
115,62.56,27.6,37.44,11.68
116,60.08,42.160000000000004,28.0,10.08
117,111.36,20.480000000000004,11.440000000000001,9.76
118,61.120000000000005,11.840000000000002,0.6400000000000001,7.5200000000000005
119,100.56,63.36000000000001,29.52,12.72
120,15.52,17.84,12.8,5.28
121,113.04000000000002,36.96,21.44,12.4
122,15.040000000000001,40.32,17.36,5.6000000000000005
123,179.20000000000002,12.48,1.92,9.28
124,98.48,9.920000000000002,27.680000000000003,12.16
125,183.60000000000002,59.36000000000001,25.84,15.76
126,69.76,20.72,9.440000000000001,8.48
127,6.24,40.480000000000004,31.12,5.28
128,64.16000000000001,7.359999999999999,0.0,7.040000000000001
129,176.24,2.5600000000000005,39.2,19.76
130,47.68000000000001,34.480000000000004,9.600000000000001,7.76
131,0.5599999999999999,6.96,31.680000000000003,1.2800000000000002
132,212.16,34.4,2.32,10.16
133,6.720000000000001,1.6800000000000002,21.76,4.5600000000000005
134,175.84000000000003,36.080000000000005,26.8,15.680000000000001
135,29.52,52.48,30.880000000000003,8.64
136,38.64,6.800000000000001,37.6,9.28
137,20.480000000000004,7.440000000000001,31.200000000000003,7.6000000000000005
138,218.96,47.760000000000005,23.12,16.64
139,34.4,16.400000000000002,20.72,7.68
140,147.92000000000002,1.36,35.12,16.56
141,58.720000000000006,10.32,13.600000000000001,8.72
142,154.96,60.48,28.32,15.36
143,176.4,30.32,26.560000000000002,16.080000000000002
144,83.68,27.52,4.5600000000000005,8.32
145,76.96000000000001,31.12,11.840000000000002,9.120000000000001
146,112.24000000000001,7.2,1.52,8.24
147,192.08,6.96,5.84,10.56
148,194.56,35.44,39.2,20.32
149,30.400000000000002,9.520000000000001,32.24,8.72
150,35.760000000000005,16.48,20.64,8.08
151,224.56,29.6,11.120000000000001,12.880000000000003
152,96.80000000000001,38.96000000000001,6.720000000000001,9.28
153,158.08,11.36,18.64,13.280000000000001
154,137.04000000000002,30.160000000000004,31.760000000000005,15.200000000000001
155,150.24,7.6000000000000005,16.880000000000003,12.48
156,3.28,4.5600000000000005,9.28,2.5600000000000005
157,75.12,40.400000000000006,34.800000000000004,12.240000000000002
158,119.84000000000002,19.44,1.04,8.08
159,9.36,36.160000000000004,29.52,5.84
160,105.36,27.680000000000003,14.719999999999999,10.32
161,138.0,24.560000000000002,14.480000000000002,11.520000000000001
162,68.56,39.44,28.64,10.64
163,150.72,20.480000000000004,14.480000000000002,11.920000000000002
164,130.8,5.920000000000001,29.439999999999998,14.4
165,93.76,4.32,11.76,9.520000000000001
166,187.60000000000002,67.84,2.72,9.520000000000001
167,14.32,17.28,30.080000000000002,6.4
168,165.44000000000003,15.52,4.16,9.76
169,172.32000000000002,46.080000000000005,18.880000000000003,13.680000000000001
170,227.44000000000003,5.120000000000001,8.48,12.0
171,40.0,14.719999999999999,9.28,6.720000000000001
172,131.6,37.92,16.72,11.600000000000001
173,15.680000000000001,13.600000000000001,16.080000000000002,6.08
174,134.72,10.240000000000002,5.68,9.36
175,177.92000000000002,10.48,2.72,9.200000000000001
176,221.51999999999998,33.44,39.120000000000005,21.6
177,198.72000000000003,16.240000000000002,24.16,16.16
178,136.16,28.160000000000004,6.24,9.36
179,221.36,18.96,1.8399999999999999,9.440000000000001
180,132.48,14.080000000000002,8.0,10.08
181,125.28,6.640000000000001,2.08,8.4
182,174.8,21.92,4.32,9.76
183,44.96000000000001,23.76,4.5600000000000005,6.96
184,230.08000000000004,57.44,34.4,20.96
185,203.04000000000002,24.0,17.040000000000003,14.080000000000002
186,164.0,15.680000000000001,36.080000000000005,18.080000000000002
187,111.60000000000001,21.28,1.6800000000000002,8.24
188,152.88,14.56,22.96,13.840000000000002
189,228.8,2.9600000000000004,11.120000000000001,12.72
190,14.96,18.72,9.68,5.36
191,31.6,4.64,32.88,8.64
192,60.400000000000006,4.800000000000001,8.64,7.920000000000001
193,13.76,25.28,3.28,4.720000000000001
194,133.44000000000003,2.8800000000000003,33.6,15.680000000000001
195,119.75999999999999,4.800000000000001,28.480000000000004,13.840000000000002
196,30.560000000000002,11.040000000000001,2.9600000000000004,6.08
197,75.36,6.48,3.9200000000000004,7.76
198,141.6,5.120000000000001,7.440000000000001,10.240000000000002
199,226.88000000000002,52.96000000000001,33.6,20.400000000000002
200,185.68,6.96,6.88,10.72
1,207.09,62.28,34.019999999999996,19.89
2,40.050000000000004,40.59,35.37,9.360000000000001
3,15.48,62.37,41.31,8.370000000000001
4,136.35,52.65,37.17,16.650000000000002
5,162.72000000000003,52.56,9.72,11.610000000000001
6,7.829999999999999,67.5,44.01,6.48
7,51.75,21.150000000000002,29.52,10.620000000000001
8,108.18,10.44,17.64,11.879999999999999
9,7.74,0.9,1.8900000000000001,4.32
10,179.82000000000002,19.08,2.3400000000000003,9.54
11,59.489999999999995,21.78,5.22,7.74
12,193.23,3.6,21.6,15.659999999999998
13,21.42,59.31000000000001,31.590000000000003,8.28
14,87.75,6.48,6.84,8.73
15,183.69,41.4,29.61,17.1
16,175.86,47.61,42.93000000000001,20.16
17,61.019999999999996,102.60000000000001,32.940000000000005,11.25
18,253.26,50.22,35.64,21.96
19,62.28,16.470000000000002,18.45,10.170000000000002
20,132.57000000000002,17.19,21.509999999999998,13.14
21,196.56,48.06,24.93,16.2
22,213.66,21.150000000000002,4.59,11.25
23,11.879999999999999,44.64,14.31,5.04
24,205.47000000000003,23.58,15.209999999999999,13.950000000000001
25,56.07,16.470000000000002,11.34,8.73
26,236.60999999999999,17.55,3.15,10.8
27,128.61,11.34,26.37,13.5
28,216.09,20.61,15.03,14.31
29,223.92000000000002,20.61,24.39,17.009999999999998
30,63.54,36.72,14.4,9.450000000000001
31,263.61,38.88,25.470000000000002,19.259999999999998
32,101.61000000000001,34.74,15.659999999999998,10.71
33,87.48,27.0,1.35,8.64
34,239.04000000000002,0.27,18.0,15.659999999999998
35,86.13000000000001,6.66,1.26,8.55
36,261.63,7.65,3.69,11.520000000000001
37,240.20999999999998,4.5,39.42,22.86
38,67.23,41.13,44.46,13.23
39,38.79,31.590000000000003,24.03,9.09
40,205.20000000000002,28.8,33.93000000000001,19.35
41,182.25,28.44,20.07,14.940000000000001
42,159.3,34.830000000000005,30.06,15.390000000000002
43,264.24,1.62,24.93,18.63
44,186.21,23.759999999999998,7.5600000000000005,11.610000000000001
45,22.590000000000003,38.97,23.13,7.65
46,157.59,28.35,20.25,13.41
47,80.73,32.13,8.91,9.54
48,215.91,16.650000000000002,37.35,20.88
49,204.48,44.91,14.22,13.32
50,60.21000000000001,33.12,10.53,8.73
51,179.82000000000002,31.14,2.79,10.26
52,90.36000000000001,3.24,8.64,9.629999999999999
53,194.76000000000002,35.64,37.53,20.340000000000003
54,164.34,52.830000000000005,41.580000000000005,19.08
55,236.43,14.31,25.92,18.18
56,179.01000000000002,54.0,44.46,21.33
57,6.57,37.26,25.290000000000003,4.95
58,122.58,14.940000000000001,17.28,11.879999999999999
59,189.72000000000003,33.93000000000001,44.64,21.42
60,189.63,8.370000000000001,26.55,16.56
61,48.15,19.259999999999998,1.8,7.29
62,235.17000000000002,49.230000000000004,38.43000000000001,21.78
63,215.37,24.57,13.950000000000001,14.129999999999999
64,92.43,7.5600000000000005,26.64,12.6
65,117.99,26.009999999999998,38.519999999999996,16.2
66,62.1,0.81,8.370000000000001,8.370000000000001
67,28.35,1.9800000000000002,22.14,8.55
68,125.37000000000002,9.18,13.05,12.06
69,213.66,9.9,24.75,17.009999999999998
70,195.12,24.48,39.51,20.07
71,179.19,34.830000000000005,27.540000000000003,16.470000000000002
72,98.82,28.53,12.870000000000001,11.16
73,24.12,17.37,29.7,7.920000000000001
74,116.46000000000001,28.17,5.13,9.9
75,192.06,11.79,22.14,15.3
76,15.209999999999999,80.46000000000001,39.330000000000005,7.829999999999999
77,24.75,18.63,1.4400000000000002,6.210000000000001
78,108.45,12.78,25.650000000000002,12.78
79,4.86,8.46,26.91,4.77
80,104.4,20.790000000000003,6.930000000000001,9.9
81,68.76,20.07,24.03,10.620000000000001
82,215.82000000000002,33.21,3.69,11.07
83,67.77,29.25,18.27,10.170000000000002
84,61.56000000000001,32.04,40.050000000000004,12.24
85,192.15,30.419999999999998,38.7,19.53
86,173.88,59.13,16.56,13.68
87,68.67,14.4,24.75,10.8
88,99.63000000000001,56.88,36.54,14.4
89,79.47,66.06,22.95,11.610000000000001
90,98.82,46.26,43.019999999999996,15.03
91,120.87000000000002,8.370000000000001,4.41,10.08
92,25.740000000000002,29.7,1.35,6.57
93,195.93,53.1,30.150000000000002,17.46
94,225.81,65.07,32.85,19.98
95,96.66000000000001,9.81,12.6,10.35
96,146.97000000000003,47.61,28.44,15.209999999999999
97,177.84,5.3100000000000005,3.15,10.53
98,166.41,19.8,18.900000000000002,13.950000000000001
99,260.73,46.080000000000005,38.07,22.86
100,121.67999999999999,41.31,37.53,15.48
101,200.16,44.82,3.87,10.53
102,266.76,90.81,32.67,21.42
103,252.18,19.259999999999998,9.09,13.32
104,169.11,16.11,15.48,13.23
105,214.38,4.77,30.869999999999997,18.63
106,124.11000000000001,53.1,41.76,17.28
107,22.5,26.73,9.9,6.48
108,81.36000000000001,20.88,0.27,7.829999999999999
109,11.79,23.040000000000003,0.36000000000000004,4.77
110,229.86,4.95,24.21,17.82
111,203.22000000000003,50.85,7.38,12.06
112,217.53,20.88,34.2,19.62
113,158.13,2.16,13.860000000000001,12.69
114,188.64,9.629999999999999,18.540000000000003,14.31
115,70.38000000000001,31.05,42.12,13.14
116,67.59,47.43000000000001,31.5,11.34
117,125.27999999999999,23.040000000000003,12.870000000000001,10.98
118,68.76,13.32,0.7200000000000001,8.46
119,113.13000000000001,71.28,33.21,14.31
120,17.46,20.07,14.4,5.9399999999999995
121,127.17000000000002,41.580000000000005,24.12,13.950000000000001
122,16.92,45.36,19.53,6.3
123,201.6,14.04,2.16,10.44
124,110.78999999999999,11.16,31.14,13.68
125,206.55,66.78,29.069999999999997,17.73
126,78.48,23.31,10.620000000000001,9.54
127,7.02,45.54,35.01,5.9399999999999995
128,72.18,8.28,0.0,7.920000000000001
129,198.27,2.8800000000000003,44.1,22.23
130,53.64,38.79,10.8,8.73
131,0.63,7.829999999999999,35.64,1.4400000000000002
132,238.68,38.7,2.61,11.43
133,7.5600000000000005,1.8900000000000001,24.48,5.13
134,197.82000000000002,40.59,30.150000000000002,17.64
135,33.21,59.04,34.74,9.72
136,43.47,7.65,42.300000000000004,10.44
137,23.040000000000003,8.370000000000001,35.1,8.55
138,246.32999999999998,53.730000000000004,26.009999999999998,18.720000000000002
139,38.7,18.45,23.31,8.64
140,166.41,1.53,39.51,18.63
141,66.06,11.610000000000001,15.3,9.81
142,174.32999999999998,68.03999999999999,31.86,17.28
143,198.45000000000002,34.11,29.880000000000003,18.090000000000003
144,94.14,30.96,5.13,9.360000000000001
145,86.58,35.01,13.32,10.26
146,126.27000000000001,8.1,1.71,9.270000000000001
147,216.09,7.829999999999999,6.57,11.879999999999999
148,218.88,39.87,44.1,22.86
149,34.2,10.71,36.269999999999996,9.81
150,40.230000000000004,18.540000000000003,23.220000000000002,9.09
151,252.63,33.300000000000004,12.51,14.490000000000002
152,108.9,43.830000000000005,7.5600000000000005,10.44
153,177.84,12.78,20.970000000000002,14.940000000000001
154,154.17000000000002,33.93000000000001,35.730000000000004,17.1
155,169.02,8.55,18.990000000000002,14.04
156,3.69,5.13,10.44,2.8800000000000003
157,84.51,45.45,39.15,13.770000000000001
158,134.82000000000002,21.87,1.1700000000000002,9.09
159,10.53,40.68000000000001,33.21,6.57
160,118.52999999999999,31.14,16.56,11.610000000000001
161,155.25,27.63,16.290000000000003,12.96
162,77.13000000000001,44.37,32.22,11.97
163,169.56,23.040000000000003,16.290000000000003,13.41
164,147.15,6.66,33.12,16.2
165,105.48,4.86,13.23,10.71
166,211.05,76.32,3.06,10.71
167,16.11,19.44,33.84,7.2
168,186.12,17.46,4.680000000000001,10.98
169,193.86,51.84,21.240000000000002,15.390000000000002
170,255.87,5.760000000000001,9.54,13.5
171,45.0,16.56,10.44,7.5600000000000005
172,148.05,42.66,18.81,13.05
173,17.64,15.3,18.090000000000003,6.84
174,151.56,11.520000000000001,6.39,10.53
175,200.16,11.79,3.06,10.35
176,249.20999999999998,37.62,44.01,24.3
177,223.56,18.27,27.18,18.18
178,153.18,31.680000000000003,7.02,10.53
179,249.03,21.33,2.07,10.620000000000001
180,149.04,15.840000000000002,9.0,11.34
181,140.94,7.470000000000001,2.3400000000000003,9.450000000000001
182,196.65,24.66,4.86,10.98
183,50.580000000000005,26.73,5.13,7.829999999999999
184,258.84000000000003,64.62,38.7,23.58
185,228.42000000000002,27.0,19.17,15.840000000000002
186,184.5,17.64,40.59,20.340000000000003
187,125.55,23.94,1.8900000000000001,9.270000000000001
188,171.99,16.38,25.83,15.57
189,257.40000000000003,3.33,12.51,14.31
190,16.83,21.06,10.89,6.03
191,35.550000000000004,5.22,36.99,9.72
192,67.95,5.4,9.72,8.91
193,15.48,28.44,3.69,5.3100000000000005
194,150.12,3.24,37.800000000000004,17.64
195,134.73,5.4,32.04,15.57
196,34.38,12.420000000000002,3.33,6.84
197,84.78,7.29,4.41,8.73
198,159.3,5.760000000000001,8.370000000000001,11.520000000000001
199,255.24000000000004,59.580000000000005,37.800000000000004,22.95
200,208.89,7.829999999999999,7.74,12.06
1,23.01,6.920000000000001,3.78,2.2100000000000004
2,4.45,4.510000000000001,3.9299999999999997,1.04
3,1.72,6.93,4.59,0.9300000000000002
4,15.15,5.8500000000000005,4.13,1.85
5,18.080000000000002,5.84,1.08,1.29
6,0.87,7.5,4.890000000000001,0.7200000000000001
7,5.75,2.35,3.28,1.1800000000000002
8,12.020000000000001,1.16,1.9600000000000002,1.32
9,0.86,0.1,0.21000000000000002,0.48
10,19.980000000000004,2.12,0.26,1.06
11,6.609999999999999,2.42,0.58,0.86
12,21.47,0.4,2.4000000000000004,1.74
13,2.3800000000000003,6.590000000000001,3.5100000000000002,0.9199999999999999
14,9.75,0.7200000000000001,0.76,0.97
15,20.41,4.6000000000000005,3.29,1.9000000000000001
16,19.540000000000003,5.29,4.7700000000000005,2.2399999999999998
17,6.78,11.4,3.66,1.25
18,28.14,5.58,3.9600000000000004,2.44
19,6.920000000000001,1.83,2.0500000000000003,1.1300000000000001
20,14.730000000000002,1.9100000000000001,2.39,1.46
21,21.840000000000003,5.34,2.77,1.8
22,23.740000000000002,2.35,0.51,1.25
23,1.32,4.960000000000001,1.59,0.5599999999999999
24,22.830000000000002,2.62,1.69,1.55
25,6.23,1.83,1.26,0.97
26,26.29,1.9500000000000002,0.35000000000000003,1.2000000000000002
27,14.290000000000001,1.26,2.93,1.5
28,24.01,2.29,1.67,1.59
29,24.880000000000003,2.29,2.7100000000000004,1.89
30,7.06,4.08,1.6,1.05
31,29.29,4.32,2.83,2.14
32,11.290000000000001,3.8600000000000003,1.74,1.1900000000000002
33,9.72,3.0,0.15000000000000002,0.96
34,26.560000000000002,0.03,2.0,1.74
35,9.57,0.7400000000000001,0.13999999999999999,0.9500000000000001
36,29.07,0.8500000000000001,0.41,1.2800000000000002
37,26.689999999999998,0.5,4.38,2.54
38,7.470000000000001,4.57,4.94,1.47
39,4.3100000000000005,3.5100000000000002,2.67,1.01
40,22.8,3.2,3.7700000000000005,2.15
41,20.25,3.16,2.23,1.6600000000000001
42,17.7,3.8700000000000006,3.34,1.7100000000000002
43,29.360000000000003,0.18000000000000002,2.77,2.07
44,20.69,2.64,0.8400000000000001,1.29
45,2.5100000000000002,4.33,2.5700000000000003,0.8500000000000001
46,17.51,3.1500000000000004,2.25,1.4900000000000002
47,8.97,3.5700000000000003,0.9900000000000001,1.06
48,23.990000000000002,1.85,4.15,2.32
49,22.72,4.99,1.58,1.4800000000000002
50,6.690000000000001,3.6799999999999997,1.17,0.97
51,19.980000000000004,3.4600000000000004,0.31000000000000005,1.1400000000000001
52,10.040000000000001,0.36000000000000004,0.96,1.07
53,21.64,3.9600000000000004,4.170000000000001,2.2600000000000002
54,18.26,5.870000000000001,4.62,2.12
55,26.27,1.59,2.8800000000000003,2.02
56,19.89,6.0,4.94,2.37
57,0.73,4.14,2.8100000000000005,0.55
58,13.62,1.6600000000000001,1.92,1.32
59,21.080000000000002,3.7700000000000005,4.960000000000001,2.3800000000000003
60,21.07,0.9300000000000002,2.95,1.8399999999999999
61,5.3500000000000005,2.14,0.2,0.81
62,26.130000000000003,5.470000000000001,4.2700000000000005,2.42
63,23.930000000000003,2.7300000000000004,1.55,1.57
64,10.270000000000001,0.8400000000000001,2.9600000000000004,1.4000000000000001
65,13.11,2.89,4.28,1.8
66,6.9,0.09000000000000001,0.9300000000000002,0.9300000000000002
67,3.1500000000000004,0.22000000000000003,2.4600000000000004,0.9500000000000001
68,13.930000000000001,1.02,1.4500000000000002,1.34
69,23.740000000000002,1.1,2.75,1.89
70,21.680000000000003,2.72,4.39,2.23
71,19.91,3.8700000000000006,3.0600000000000005,1.83
72,10.98,3.17,1.4300000000000002,1.2400000000000002
73,2.68,1.9300000000000002,3.3000000000000003,0.8800000000000001
74,12.940000000000001,3.1300000000000003,0.5700000000000001,1.1
75,21.340000000000003,1.31,2.4600000000000004,1.7000000000000002
76,1.69,8.940000000000001,4.37,0.87
77,2.75,2.07,0.16000000000000003,0.6900000000000001
78,12.05,1.42,2.85,1.42
79,0.54,0.9400000000000001,2.99,0.53
80,11.600000000000001,2.31,0.77,1.1
81,7.640000000000001,2.23,2.67,1.1800000000000002
82,23.980000000000004,3.69,0.41,1.2300000000000002
83,7.53,3.25,2.0300000000000002,1.1300000000000001
84,6.840000000000001,3.5600000000000005,4.45,1.36
85,21.35,3.38,4.3,2.17
86,19.32,6.57,1.8399999999999999,1.52
87,7.63,1.6,2.75,1.2000000000000002
88,11.07,6.32,4.0600000000000005,1.6
89,8.83,7.340000000000001,2.5500000000000003,1.29
90,10.98,5.140000000000001,4.78,1.67
91,13.430000000000001,0.9300000000000002,0.49000000000000005,1.1199999999999999
92,2.8600000000000003,3.3000000000000003,0.15000000000000002,0.73
93,21.77,5.9,3.35,1.94
94,25.090000000000003,7.23,3.6500000000000004,2.22
95,10.740000000000002,1.09,1.4000000000000001,1.1500000000000001
96,16.330000000000002,5.29,3.16,1.69
97,19.76,0.5900000000000001,0.35000000000000003,1.17
98,18.490000000000002,2.2,2.1,1.55
99,28.97,5.120000000000001,4.2299999999999995,2.54
100,13.52,4.59,4.170000000000001,1.72
101,22.240000000000002,4.98,0.43,1.17
102,29.64,10.090000000000002,3.63,2.3800000000000003
103,28.02,2.14,1.01,1.4800000000000002
104,18.790000000000003,1.79,1.72,1.47
105,23.82,0.53,3.4299999999999997,2.07
106,13.790000000000001,5.9,4.64,1.92
107,2.5,2.97,1.1,0.7200000000000001
108,9.040000000000001,2.32,0.03,0.87
109,1.31,2.5600000000000005,0.04000000000000001,0.53
110,25.540000000000003,0.55,2.69,1.9800000000000002
111,22.580000000000002,5.65,0.82,1.34
112,24.17,2.32,3.8000000000000003,2.18
113,17.57,0.24,1.54,1.4100000000000001
114,20.96,1.07,2.06,1.59
115,7.82,3.45,4.68,1.46
116,7.51,5.2700000000000005,3.5,1.26
117,13.92,2.5600000000000005,1.4300000000000002,1.22
118,7.640000000000001,1.4800000000000002,0.08000000000000002,0.9400000000000001
119,12.57,7.920000000000001,3.69,1.59
120,1.94,2.23,1.6,0.66
121,14.130000000000003,4.62,2.68,1.55
122,1.8800000000000001,5.04,2.17,0.7000000000000001
123,22.400000000000002,1.56,0.24,1.16
124,12.31,1.2400000000000002,3.4600000000000004,1.52
125,22.950000000000003,7.420000000000001,3.23,1.97
126,8.72,2.59,1.1800000000000002,1.06
127,0.78,5.0600000000000005,3.89,0.66
128,8.020000000000001,0.9199999999999999,0.0,0.8800000000000001
129,22.03,0.32000000000000006,4.9,2.47
130,5.960000000000001,4.3100000000000005,1.2000000000000002,0.97
131,0.06999999999999999,0.87,3.9600000000000004,0.16000000000000003
132,26.52,4.3,0.29,1.27
133,0.8400000000000001,0.21000000000000002,2.72,0.5700000000000001
134,21.980000000000004,4.510000000000001,3.35,1.9600000000000002
135,3.69,6.56,3.8600000000000003,1.08
136,4.83,0.8500000000000001,4.7,1.16
137,2.5600000000000005,0.9300000000000002,3.9000000000000004,0.9500000000000001
138,27.37,5.970000000000001,2.89,2.08
139,4.3,2.0500000000000003,2.59,0.96
140,18.490000000000002,0.17,4.39,2.07
141,7.340000000000001,1.29,1.7000000000000002,1.09
142,19.37,7.56,3.54,1.92
143,22.05,3.79,3.3200000000000003,2.0100000000000002
144,10.46,3.44,0.5700000000000001,1.04
145,9.620000000000001,3.89,1.4800000000000002,1.1400000000000001
146,14.030000000000001,0.9,0.19,1.03
147,24.01,0.87,0.73,1.32
148,24.32,4.43,4.9,2.54
149,3.8000000000000003,1.1900000000000002,4.03,1.09
150,4.470000000000001,2.06,2.58,1.01
151,28.07,3.7,1.3900000000000001,1.6100000000000003
152,12.100000000000001,4.870000000000001,0.8400000000000001,1.16
153,19.76,1.42,2.33,1.6600000000000001
154,17.130000000000003,3.7700000000000005,3.9700000000000006,1.9000000000000001
155,18.78,0.9500000000000001,2.1100000000000003,1.56
156,0.41,0.5700000000000001,1.16,0.32000000000000006
157,9.39,5.050000000000001,4.3500000000000005,1.5300000000000002
158,14.980000000000002,2.43,0.13,1.01
159,1.17,4.5200000000000005,3.69,0.73
160,13.17,3.4600000000000004,1.8399999999999999,1.29
161,17.25,3.0700000000000003,1.8100000000000003,1.4400000000000002
162,8.57,4.93,3.58,1.33
163,18.84,2.5600000000000005,1.8100000000000003,1.4900000000000002
164,16.35,0.7400000000000001,3.6799999999999997,1.8
165,11.72,0.54,1.47,1.1900000000000002
166,23.450000000000003,8.48,0.34,1.1900000000000002
167,1.79,2.16,3.7600000000000002,0.8
168,20.680000000000003,1.94,0.52,1.22
169,21.540000000000003,5.760000000000001,2.3600000000000003,1.7100000000000002
170,28.430000000000003,0.6400000000000001,1.06,1.5
171,5.0,1.8399999999999999,1.16,0.8400000000000001
172,16.45,4.74,2.09,1.4500000000000002
173,1.9600000000000002,1.7000000000000002,2.0100000000000002,0.76
174,16.84,1.2800000000000002,0.71,1.17
175,22.240000000000002,1.31,0.34,1.1500000000000001
176,27.689999999999998,4.18,4.890000000000001,2.7
177,24.840000000000003,2.0300000000000002,3.02,2.02
178,17.02,3.5200000000000005,0.78,1.17
179,27.67,2.37,0.22999999999999998,1.1800000000000002
180,16.56,1.7600000000000002,1.0,1.26
181,15.66,0.8300000000000001,0.26,1.05
182,21.85,2.74,0.54,1.22
183,5.620000000000001,2.97,0.5700000000000001,0.87
184,28.760000000000005,7.18,4.3,2.62
185,25.380000000000003,3.0,2.1300000000000003,1.7600000000000002
186,20.5,1.9600000000000002,4.510000000000001,2.2600000000000002
187,13.950000000000001,2.66,0.21000000000000002,1.03
188,19.11,1.82,2.87,1.7300000000000002
189,28.6,0.37000000000000005,1.3900000000000001,1.59
190,1.87,2.34,1.21,0.67
191,3.95,0.58,4.11,1.08
192,7.550000000000001,0.6000000000000001,1.08,0.9900000000000001
193,1.72,3.16,0.41,0.5900000000000001
194,16.680000000000003,0.36000000000000004,4.2,1.9600000000000002
195,14.969999999999999,0.6000000000000001,3.5600000000000005,1.7300000000000002
196,3.8200000000000003,1.3800000000000001,0.37000000000000005,0.76
197,9.42,0.81,0.49000000000000005,0.97
198,17.7,0.6400000000000001,0.9300000000000002,1.2800000000000002
199,28.360000000000003,6.620000000000001,4.2,2.5500000000000003
200,23.21,0.87,0.86,1.34
